signal,timestamp,value,unit,quality,can_id,channel
Vehicle_Speed,2026-07-10T10:09:31.997347+00:00,0.0,km/h,good,0x51,CAN2
Vehicle_Speed,2026-07-10T10:09:31.998096+00:00,0.0,km/h,good,0x51,CAN1
Vehicle_Speed,2026-07-10T10:09:32.055715+00:00,0.0,km/h,good,0x51,CAN2
Vehicle_Speed,2026-07-10T10:09:32.056918+00:00,0.0,km/h,good,0x51,CAN1
Vehicle_Speed,2026-07-10T10:09:32.280790+00:00,0.0,km/h,good,0x51,CAN2
Vehicle_Speed,2026-07-10T10:09:32.282234+00:00,0.0,km/h,good,0x51,CAN1
Vehicle_Speed,2026-07-10T10:09:32.300224+00:00,0.0,km/h,good,0x51,CAN1
Vehicle_Speed,2026-07-10T10:09:32.307343+00:00,0.0,km/h,good,0x51,CAN2
Vehicle_Speed,2026-07-10T10:09:32.308010+00:00,0.0,km/h,good,0x51,CAN1
Vehicle_Speed,2026-07-10T10:09:32.316875+00:00,0.0,km/h,good,0x51,CAN1
Vehicle_Speed,2026-07-10T10:09:32.327030+00:00,0.0,km/h,good,0x51,CAN2
Vehicle_Speed,2026-07-10T10:09:32.355308+00:00,0.0,km/h,good,0x51,CAN2
Vehicle_Speed,2026-07-10T10:09:32.360032+00:00,0.0,km/h,good,0x51,CAN1
Vehicle_Speed,2026-07-10T10:09:32.372875+00:00,0.0,km/h,good,0x51,CAN2
Vehicle_Speed,2026-07-10T10:09:32.416997+00:00,0.0,km/h,good,0x51,CAN2
Vehicle_Speed,2026-07-10T10:09:32.420432+00:00,0.0,km/h,good,0x51,CAN1
Vehicle_Speed,2026-07-10T10:09:32.478718+00:00,0.0,km/h,good,0x51,CAN2
Vehicle_Speed,2026-07-10T10:09:32.481221+00:00,0.0,km/h,good,0x51,CAN1
Vehicle_Speed,2026-07-10T10:09:32.538606+00:00,0.0,km/h,good,0x51,CAN2
Vehicle_Speed,2026-07-10T10:09:32.541213+00:00,0.0,km/h,good,0x51,CAN1
Vehicle_Speed,2026-07-10T10:09:32.599267+00:00,0.0,km/h,good,0x51,CAN2
Vehicle_Speed,2026-07-10T10:09:32.602158+00:00,0.0,km/h,good,0x51,CAN1
Vehicle_Speed,2026-07-10T10:09:32.659539+00:00,0.0,km/h,good,0x51,CAN2
Vehicle_Speed,2026-07-10T10:09:32.664393+00:00,0.0,km/h,good,0x51,CAN1
Vehicle_Speed,2026-07-10T10:09:32.719151+00:00,0.0,km/h,good,0x51,CAN2
Vehicle_Speed,2026-07-10T10:09:32.722060+00:00,0.0,km/h,good,0x51,CAN1
Vehicle_Speed,2026-07-10T10:09:32.779094+00:00,0.0,km/h,good,0x51,CAN2
Vehicle_Speed,2026-07-10T10:09:32.781990+00:00,0.0,km/h,good,0x51,CAN1
Vehicle_Speed,2026-07-10T10:09:32.839735+00:00,0.0,km/h,good,0x51,CAN2
Vehicle_Speed,2026-07-10T10:09:32.842805+00:00,0.0,km/h,good,0x51,CAN1
Vehicle_Speed,2026-07-10T10:09:32.899825+00:00,0.0,km/h,good,0x51,CAN2
Vehicle_Speed,2026-07-10T10:09:32.902875+00:00,0.0,km/h,good,0x51,CAN1
Vehicle_Speed,2026-07-10T10:09:32.960660+00:00,0.0,km/h,good,0x51,CAN2
Vehicle_Speed,2026-07-10T10:09:32.962990+00:00,0.0,km/h,good,0x51,CAN1
Vehicle_Speed,2026-07-10T10:09:33.020234+00:00,0.0,km/h,good,0x51,CAN2
Vehicle_Speed,2026-07-10T10:09:33.023027+00:00,0.0,km/h,good,0x51,CAN1
Vehicle_Speed,2026-07-10T10:09:33.080016+00:00,0.0,km/h,good,0x51,CAN2
Vehicle_Speed,2026-07-10T10:09:33.082842+00:00,0.0,km/h,good,0x51,CAN1
Vehicle_Speed,2026-07-10T10:09:33.140676+00:00,0.0,km/h,good,0x51,CAN2
Vehicle_Speed,2026-07-10T10:09:33.145489+00:00,0.0,km/h,good,0x51,CAN1
Vehicle_Speed,2026-07-10T10:09:33.200751+00:00,0.0,km/h,good,0x51,CAN2
Vehicle_Speed,2026-07-10T10:09:33.204953+00:00,0.0,km/h,good,0x51,CAN1
Vehicle_Speed,2026-07-10T10:09:33.261289+00:00,0.0,km/h,good,0x51,CAN2
Vehicle_Speed,2026-07-10T10:09:33.266201+00:00,0.0,km/h,good,0x51,CAN1
Vehicle_Speed,2026-07-10T10:09:33.321167+00:00,0.0,km/h,good,0x51,CAN2
Vehicle_Speed,2026-07-10T10:09:33.324124+00:00,0.0,km/h,good,0x51,CAN1
Vehicle_Speed,2026-07-10T10:09:33.382269+00:00,0.0,km/h,good,0x51,CAN2
Vehicle_Speed,2026-07-10T10:09:33.387152+00:00,0.0,km/h,good,0x51,CAN1
Vehicle_Speed,2026-07-10T10:09:33.441443+00:00,0.0,km/h,good,0x51,CAN2
Vehicle_Speed,2026-07-10T10:09:33.443778+00:00,0.0,km/h,good,0x51,CAN1
Vehicle_Speed,2026-07-10T10:09:33.500921+00:00,0.0,km/h,good,0x51,CAN2
Vehicle_Speed,2026-07-10T10:09:33.503745+00:00,0.0,km/h,good,0x51,CAN1
Vehicle_Speed,2026-07-10T10:09:33.561183+00:00,0.0,km/h,good,0x51,CAN2
Vehicle_Speed,2026-07-10T10:09:33.566006+00:00,0.0,km/h,good,0x51,CAN1
Vehicle_Speed,2026-07-10T10:09:33.621513+00:00,0.0,km/h,good,0x51,CAN2
Vehicle_Speed,2026-07-10T10:09:33.624078+00:00,0.0,km/h,good,0x51,CAN1
Vehicle_Speed,2026-07-10T10:09:33.681489+00:00,0.0,km/h,good,0x51,CAN2
Vehicle_Speed,2026-07-10T10:09:33.683722+00:00,0.0,km/h,good,0x51,CAN1
Vehicle_Speed,2026-07-10T10:09:33.741762+00:00,0.0,km/h,good,0x51,CAN2
Vehicle_Speed,2026-07-10T10:09:33.744019+00:00,0.0,km/h,good,0x51,CAN1
Vehicle_Speed,2026-07-10T10:09:33.802445+00:00,0.0,km/h,good,0x51,CAN2
Vehicle_Speed,2026-07-10T10:09:33.805539+00:00,0.0,km/h,good,0x51,CAN1
Vehicle_Speed,2026-07-10T10:09:33.861134+00:00,0.0,km/h,good,0x51,CAN2
Vehicle_Speed,2026-07-10T10:09:33.864908+00:00,0.0,km/h,good,0x51,CAN1
Vehicle_Speed,2026-07-10T10:09:33.921402+00:00,0.0,km/h,good,0x51,CAN2
Vehicle_Speed,2026-07-10T10:09:33.926530+00:00,0.0,km/h,good,0x51,CAN1
Vehicle_Speed,2026-07-10T10:09:33.983058+00:00,0.0,km/h,good,0x51,CAN2
Vehicle_Speed,2026-07-10T10:09:33.985886+00:00,0.0,km/h,good,0x51,CAN1
Vehicle_Speed,2026-07-10T10:09:34.044260+00:00,0.0,km/h,good,0x51,CAN2
Vehicle_Speed,2026-07-10T10:09:34.046484+00:00,0.0,km/h,good,0x51,CAN1
Vehicle_Speed,2026-07-10T10:09:34.104409+00:00,0.0,km/h,good,0x51,CAN2
Vehicle_Speed,2026-07-10T10:09:34.106504+00:00,0.0,km/h,good,0x51,CAN1
Vehicle_Speed,2026-07-10T10:09:34.165260+00:00,0.0,km/h,good,0x51,CAN2
Vehicle_Speed,2026-07-10T10:09:34.167928+00:00,0.0,km/h,good,0x51,CAN1
Vehicle_Speed,2026-07-10T10:09:34.225289+00:00,0.0,km/h,good,0x51,CAN2
Vehicle_Speed,2026-07-10T10:09:34.227547+00:00,0.0,km/h,good,0x51,CAN1
Vehicle_Speed,2026-07-10T10:09:34.284222+00:00,0.0,km/h,good,0x51,CAN2
Vehicle_Speed,2026-07-10T10:09:34.286489+00:00,0.0,km/h,good,0x51,CAN1
Vehicle_Speed,2026-07-10T10:09:34.344159+00:00,0.0,km/h,good,0x51,CAN2
Vehicle_Speed,2026-07-10T10:09:34.346319+00:00,0.0,km/h,good,0x51,CAN1
Vehicle_Speed,2026-07-10T10:09:34.402855+00:00,0.0,km/h,good,0x51,CAN2
Vehicle_Speed,2026-07-10T10:09:34.405911+00:00,0.0,km/h,good,0x51,CAN1
Vehicle_Speed,2026-07-10T10:09:34.462598+00:00,0.0,km/h,good,0x51,CAN2
Vehicle_Speed,2026-07-10T10:09:34.466390+00:00,0.0,km/h,good,0x51,CAN1
Vehicle_Speed,2026-07-10T10:09:34.524355+00:00,0.0,km/h,good,0x51,CAN2
Vehicle_Speed,2026-07-10T10:09:34.527071+00:00,0.0,km/h,good,0x51,CAN1
Vehicle_Speed,2026-07-10T10:09:34.586003+00:00,0.0,km/h,good,0x51,CAN2
Vehicle_Speed,2026-07-10T10:09:34.588191+00:00,0.0,km/h,good,0x51,CAN1
Vehicle_Speed,2026-07-10T10:09:34.645309+00:00,0.0,km/h,good,0x51,CAN2
Vehicle_Speed,2026-07-10T10:09:34.647820+00:00,0.0,km/h,good,0x51,CAN1
Vehicle_Speed,2026-07-10T10:09:34.702721+00:00,0.0,km/h,good,0x51,CAN2
Vehicle_Speed,2026-07-10T10:09:34.706806+00:00,0.0,km/h,good,0x51,CAN1
Vehicle_Speed,2026-07-10T10:09:34.762726+00:00,0.0,km/h,good,0x51,CAN2
Vehicle_Speed,2026-07-10T10:09:34.773973+00:00,0.0,km/h,good,0x51,CAN1
Vehicle_Speed,2026-07-10T10:09:34.823614+00:00,0.0,km/h,good,0x51,CAN2
Vehicle_Speed,2026-07-10T10:09:34.826178+00:00,0.0,km/h,good,0x51,CAN1
Vehicle_Speed,2026-07-10T10:09:34.882890+00:00,0.0,km/h,good,0x51,CAN2
Vehicle_Speed,2026-07-10T10:09:34.885234+00:00,0.0,km/h,good,0x51,CAN1
Vehicle_Speed,2026-07-10T10:09:34.942824+00:00,0.0,km/h,good,0x51,CAN2
Vehicle_Speed,2026-07-10T10:09:34.946988+00:00,0.0,km/h,good,0x51,CAN1
Vehicle_Speed,2026-07-10T10:09:35.003673+00:00,0.0,km/h,good,0x51,CAN2
Vehicle_Speed,2026-07-10T10:09:35.006177+00:00,0.0,km/h,good,0x51,CAN1
Vehicle_Speed,2026-07-10T10:09:35.064857+00:00,0.1,km/h,good,0x51,CAN2
Vehicle_Speed,2026-07-10T10:09:35.067599+00:00,0.1,km/h,good,0x51,CAN1
Vehicle_Speed,2026-07-10T10:09:35.123131+00:00,0.3,km/h,good,0x51,CAN2
Vehicle_Speed,2026-07-10T10:09:35.126372+00:00,0.3,km/h,good,0x51,CAN1
Vehicle_Speed,2026-07-10T10:09:35.184339+00:00,0.4,km/h,good,0x51,CAN2
Vehicle_Speed,2026-07-10T10:09:35.188990+00:00,0.4,km/h,good,0x51,CAN1
Vehicle_Speed,2026-07-10T10:09:35.246549+00:00,0.6,km/h,good,0x51,CAN2
Vehicle_Speed,2026-07-10T10:09:35.248883+00:00,0.6,km/h,good,0x51,CAN1
Vehicle_Speed,2026-07-10T10:09:35.308207+00:00,0.7,km/h,good,0x51,CAN2
Vehicle_Speed,2026-07-10T10:09:35.311106+00:00,0.7,km/h,good,0x51,CAN1
Vehicle_Speed,2026-07-10T10:09:35.367944+00:00,0.9,km/h,good,0x51,CAN2
Vehicle_Speed,2026-07-10T10:09:35.371928+00:00,0.9,km/h,good,0x51,CAN1
Vehicle_Speed,2026-07-10T10:09:35.427734+00:00,1.0,km/h,good,0x51,CAN2
Vehicle_Speed,2026-07-10T10:09:35.429969+00:00,1.0,km/h,good,0x51,CAN1
Vehicle_Speed,2026-07-10T10:09:35.488183+00:00,1.2,km/h,good,0x51,CAN2
Vehicle_Speed,2026-07-10T10:09:35.490570+00:00,1.2,km/h,good,0x51,CAN1
Vehicle_Speed,2026-07-10T10:09:35.547963+00:00,1.3,km/h,good,0x51,CAN2
Vehicle_Speed,2026-07-10T10:09:35.550320+00:00,1.3,km/h,good,0x51,CAN1
Vehicle_Speed,2026-07-10T10:09:35.606279+00:00,1.4,km/h,good,0x51,CAN2
Vehicle_Speed,2026-07-10T10:09:35.609155+00:00,1.4,km/h,good,0x51,CAN1
Vehicle_Speed,2026-07-10T10:09:35.666052+00:00,1.5,km/h,good,0x51,CAN2
Vehicle_Speed,2026-07-10T10:09:35.668348+00:00,1.5,km/h,good,0x51,CAN1
Vehicle_Speed,2026-07-10T10:09:35.725715+00:00,1.5,km/h,good,0x51,CAN2
Vehicle_Speed,2026-07-10T10:09:35.730637+00:00,1.5,km/h,good,0x51,CAN1
Vehicle_Speed,2026-07-10T10:09:35.785607+00:00,1.5,km/h,good,0x51,CAN2
Vehicle_Speed,2026-07-10T10:09:35.788617+00:00,1.5,km/h,good,0x51,CAN1
Vehicle_Speed,2026-07-10T10:09:35.845635+00:00,1.5,km/h,good,0x51,CAN2
Vehicle_Speed,2026-07-10T10:09:35.848007+00:00,1.5,km/h,good,0x51,CAN1
Vehicle_Speed,2026-07-10T10:09:35.905752+00:00,1.5,km/h,good,0x51,CAN2
Vehicle_Speed,2026-07-10T10:09:35.908185+00:00,1.5,km/h,good,0x51,CAN1
Vehicle_Speed,2026-07-10T10:09:35.965356+00:00,1.5,km/h,good,0x51,CAN2
Vehicle_Speed,2026-07-10T10:09:35.968386+00:00,1.5,km/h,good,0x51,CAN1
Vehicle_Speed,2026-07-10T10:09:36.025428+00:00,1.5,km/h,good,0x51,CAN2
Vehicle_Speed,2026-07-10T10:09:36.028453+00:00,1.5,km/h,good,0x51,CAN1
Vehicle_Speed,2026-07-10T10:09:36.085362+00:00,1.5,km/h,good,0x51,CAN2
Vehicle_Speed,2026-07-10T10:09:36.089364+00:00,1.5,km/h,good,0x51,CAN1
Vehicle_Speed,2026-07-10T10:09:36.145512+00:00,1.5,km/h,good,0x51,CAN2
Vehicle_Speed,2026-07-10T10:09:36.157369+00:00,1.5,km/h,good,0x51,CAN1
Vehicle_Speed,2026-07-10T10:09:36.205120+00:00,1.5,km/h,good,0x51,CAN2
Vehicle_Speed,2026-07-10T10:09:36.208288+00:00,1.5,km/h,good,0x51,CAN1
Vehicle_Speed,2026-07-10T10:09:36.265542+00:00,0.6,km/h,good,0x51,CAN2
Vehicle_Speed,2026-07-10T10:09:36.268837+00:00,0.6,km/h,good,0x51,CAN1
Vehicle_Speed,2026-07-10T10:09:36.326137+00:00,0.3,km/h,good,0x51,CAN2
Vehicle_Speed,2026-07-10T10:09:36.329392+00:00,0.3,km/h,good,0x51,CAN1
Vehicle_Speed,2026-07-10T10:09:36.386042+00:00,0.1,km/h,good,0x51,CAN2
Vehicle_Speed,2026-07-10T10:09:36.388883+00:00,0.1,km/h,good,0x51,CAN1
Vehicle_Speed,2026-07-10T10:09:36.447660+00:00,0.0,km/h,good,0x51,CAN2
Vehicle_Speed,2026-07-10T10:09:36.451714+00:00,0.0,km/h,good,0x51,CAN1
Vehicle_Speed,2026-07-10T10:09:36.507696+00:00,0.0,km/h,good,0x51,CAN2
Vehicle_Speed,2026-07-10T10:09:36.514214+00:00,0.0,km/h,good,0x51,CAN1
Vehicle_Speed,2026-07-10T10:09:36.568740+00:00,0.0,km/h,good,0x51,CAN2
Vehicle_Speed,2026-07-10T10:09:36.571068+00:00,0.0,km/h,good,0x51,CAN1
Vehicle_Speed,2026-07-10T10:09:36.629545+00:00,0.0,km/h,good,0x51,CAN2
Vehicle_Speed,2026-07-10T10:09:36.632843+00:00,0.0,km/h,good,0x51,CAN1
Vehicle_Speed,2026-07-10T10:09:36.689954+00:00,0.0,km/h,good,0x51,CAN2
Vehicle_Speed,2026-07-10T10:09:36.692369+00:00,0.0,km/h,good,0x51,CAN1
Vehicle_Speed,2026-07-10T10:09:36.750071+00:00,0.0,km/h,good,0x51,CAN2
Vehicle_Speed,2026-07-10T10:09:36.754194+00:00,0.0,km/h,good,0x51,CAN1
Vehicle_Speed,2026-07-10T10:09:36.811657+00:00,0.0,km/h,good,0x51,CAN2
Vehicle_Speed,2026-07-10T10:09:36.813852+00:00,0.0,km/h,good,0x51,CAN1
Vehicle_Speed,2026-07-10T10:09:36.873205+00:00,0.0,km/h,good,0x51,CAN2
Vehicle_Speed,2026-07-10T10:09:36.876189+00:00,0.0,km/h,good,0x51,CAN1
Vehicle_Speed,2026-07-10T10:09:36.932779+00:00,0.0,km/h,good,0x51,CAN2
Vehicle_Speed,2026-07-10T10:09:36.934904+00:00,0.0,km/h,good,0x51,CAN1
Vehicle_Speed,2026-07-10T10:09:36.991991+00:00,0.0,km/h,good,0x51,CAN2
Vehicle_Speed,2026-07-10T10:09:37.008885+00:00,0.0,km/h,good,0x51,CAN1
Vehicle_Speed,2026-07-10T10:09:37.053035+00:00,0.0,km/h,good,0x51,CAN2
Vehicle_Speed,2026-07-10T10:09:37.055240+00:00,0.0,km/h,good,0x51,CAN1
Vehicle_Speed,2026-07-10T10:09:37.111577+00:00,0.0,km/h,good,0x51,CAN2
Vehicle_Speed,2026-07-10T10:09:37.114145+00:00,0.0,km/h,good,0x51,CAN1
Vehicle_Speed,2026-07-10T10:09:37.171489+00:00,0.0,km/h,good,0x51,CAN2
Vehicle_Speed,2026-07-10T10:09:37.174322+00:00,0.0,km/h,good,0x51,CAN1
Vehicle_Speed,2026-07-10T10:09:37.231115+00:00,0.0,km/h,good,0x51,CAN2
Vehicle_Speed,2026-07-10T10:09:37.234196+00:00,0.0,km/h,good,0x51,CAN1
Vehicle_Speed,2026-07-10T10:09:37.293329+00:00,0.0,km/h,good,0x51,CAN2
Vehicle_Speed,2026-07-10T10:09:37.295643+00:00,0.0,km/h,good,0x51,CAN1
Vehicle_Speed,2026-07-10T10:09:37.353925+00:00,0.0,km/h,good,0x51,CAN2
Vehicle_Speed,2026-07-10T10:09:37.356299+00:00,0.0,km/h,good,0x51,CAN1
Vehicle_Speed,2026-07-10T10:09:37.414716+00:00,0.0,km/h,good,0x51,CAN2
Vehicle_Speed,2026-07-10T10:09:37.417632+00:00,0.0,km/h,good,0x51,CAN1
Vehicle_Speed,2026-07-10T10:09:37.475476+00:00,0.0,km/h,good,0x51,CAN2
Vehicle_Speed,2026-07-10T10:09:37.477810+00:00,0.0,km/h,good,0x51,CAN1
Vehicle_Speed,2026-07-10T10:09:37.534329+00:00,0.0,km/h,good,0x51,CAN2
Vehicle_Speed,2026-07-10T10:09:37.536912+00:00,0.0,km/h,good,0x51,CAN1
Vehicle_Speed,2026-07-10T10:09:37.594538+00:00,0.0,km/h,good,0x51,CAN2
Vehicle_Speed,2026-07-10T10:09:37.601332+00:00,0.0,km/h,good,0x51,CAN1
Vehicle_Speed,2026-07-10T10:09:37.655377+00:00,0.0,km/h,good,0x51,CAN2
Vehicle_Speed,2026-07-10T10:09:37.658620+00:00,0.0,km/h,good,0x51,CAN1
Vehicle_Speed,2026-07-10T10:09:37.717149+00:00,0.0,km/h,good,0x51,CAN2
Vehicle_Speed,2026-07-10T10:09:37.719510+00:00,0.0,km/h,good,0x51,CAN1
Vehicle_Speed,2026-07-10T10:09:37.777876+00:00,0.0,km/h,good,0x51,CAN2
Vehicle_Speed,2026-07-10T10:09:37.780291+00:00,0.0,km/h,good,0x51,CAN1
Vehicle_Speed,2026-07-10T10:09:37.838473+00:00,0.0,km/h,good,0x51,CAN2
Vehicle_Speed,2026-07-10T10:09:37.840971+00:00,0.0,km/h,good,0x51,CAN1
Vehicle_Speed,2026-07-10T10:09:37.910538+00:00,0.0,km/h,good,0x51,CAN2
Vehicle_Speed,2026-07-10T10:09:37.913093+00:00,0.0,km/h,good,0x51,CAN1
Vehicle_Speed,2026-07-10T10:09:37.957929+00:00,0.0,km/h,good,0x51,CAN2
Vehicle_Speed,2026-07-10T10:09:37.960223+00:00,0.0,km/h,good,0x51,CAN1
Vehicle_Speed,2026-07-10T10:09:38.018545+00:00,0.0,km/h,good,0x51,CAN2
Vehicle_Speed,2026-07-10T10:09:38.020750+00:00,0.0,km/h,good,0x51,CAN1
Vehicle_Speed,2026-07-10T10:09:38.078430+00:00,0.0,km/h,good,0x51,CAN2
Vehicle_Speed,2026-07-10T10:09:38.080781+00:00,0.0,km/h,good,0x51,CAN1
Vehicle_Speed,2026-07-10T10:09:38.139498+00:00,0.0,km/h,good,0x51,CAN2
Vehicle_Speed,2026-07-10T10:09:38.141904+00:00,0.0,km/h,good,0x51,CAN1
Vehicle_Speed,2026-07-10T10:09:38.199351+00:00,0.0,km/h,good,0x51,CAN2
Vehicle_Speed,2026-07-10T10:09:38.201628+00:00,0.0,km/h,good,0x51,CAN1
Vehicle_Speed,2026-07-10T10:09:38.259934+00:00,0.0,km/h,good,0x51,CAN2
Vehicle_Speed,2026-07-10T10:09:38.262205+00:00,0.0,km/h,good,0x51,CAN1
Vehicle_Speed,2026-07-10T10:09:38.320640+00:00,0.0,km/h,good,0x51,CAN2
Vehicle_Speed,2026-07-10T10:09:38.322887+00:00,0.0,km/h,good,0x51,CAN1
Vehicle_Speed,2026-07-10T10:09:38.380101+00:00,0.0,km/h,good,0x51,CAN2
Vehicle_Speed,2026-07-10T10:09:38.382939+00:00,0.0,km/h,good,0x51,CAN1
Vehicle_Speed,2026-07-10T10:09:38.442262+00:00,0.0,km/h,good,0x51,CAN2
Vehicle_Speed,2026-07-10T10:09:38.444690+00:00,0.0,km/h,good,0x51,CAN1
Vehicle_Speed,2026-07-10T10:09:38.501337+00:00,0.0,km/h,good,0x51,CAN2
Vehicle_Speed,2026-07-10T10:09:38.503887+00:00,0.0,km/h,good,0x51,CAN1
Vehicle_Speed,2026-07-10T10:09:38.560460+00:00,0.0,km/h,good,0x51,CAN2
Vehicle_Speed,2026-07-10T10:09:38.562702+00:00,0.0,km/h,good,0x51,CAN1
Vehicle_Speed,2026-07-10T10:09:38.621288+00:00,0.0,km/h,good,0x51,CAN2
Vehicle_Speed,2026-07-10T10:09:38.623928+00:00,0.0,km/h,good,0x51,CAN1
Vehicle_Speed,2026-07-10T10:09:38.682337+00:00,0.0,km/h,good,0x51,CAN2
Vehicle_Speed,2026-07-10T10:09:38.684900+00:00,0.0,km/h,good,0x51,CAN1
Vehicle_Speed,2026-07-10T10:09:38.740068+00:00,0.0,km/h,good,0x51,CAN2
Vehicle_Speed,2026-07-10T10:09:38.743384+00:00,0.0,km/h,good,0x51,CAN1
Vehicle_Speed,2026-07-10T10:09:38.800281+00:00,0.0,km/h,good,0x51,CAN2
Vehicle_Speed,2026-07-10T10:09:38.804400+00:00,0.0,km/h,good,0x51,CAN1
Vehicle_Speed,2026-07-10T10:09:38.859767+00:00,0.0,km/h,good,0x51,CAN2
Vehicle_Speed,2026-07-10T10:09:38.863067+00:00,0.0,km/h,good,0x51,CAN1
Vehicle_Speed,2026-07-10T10:09:38.919711+00:00,0.0,km/h,good,0x51,CAN2
Vehicle_Speed,2026-07-10T10:09:38.923433+00:00,0.0,km/h,good,0x51,CAN1
Vehicle_Speed,2026-07-10T10:09:38.979652+00:00,0.0,km/h,good,0x51,CAN2
Vehicle_Speed,2026-07-10T10:09:38.982999+00:00,0.0,km/h,good,0x51,CAN1
Vehicle_Speed,2026-07-10T10:09:39.042226+00:00,0.0,km/h,good,0x51,CAN2
Vehicle_Speed,2026-07-10T10:09:39.044600+00:00,0.0,km/h,good,0x51,CAN1
Vehicle_Speed,2026-07-10T10:09:39.102947+00:00,0.0,km/h,good,0x51,CAN2
Vehicle_Speed,2026-07-10T10:09:39.105169+00:00,0.0,km/h,good,0x51,CAN1
Vehicle_Speed,2026-07-10T10:09:39.162102+00:00,0.0,km/h,good,0x51,CAN2
Vehicle_Speed,2026-07-10T10:09:39.164324+00:00,0.0,km/h,good,0x51,CAN1
Vehicle_Speed,2026-07-10T10:09:39.223687+00:00,0.0,km/h,good,0x51,CAN2
Vehicle_Speed,2026-07-10T10:09:39.226241+00:00,0.0,km/h,good,0x51,CAN1
Vehicle_Speed,2026-07-10T10:09:39.287590+00:00,0.0,km/h,good,0x51,CAN2
Vehicle_Speed,2026-07-10T10:09:39.289961+00:00,0.0,km/h,good,0x51,CAN1
Vehicle_Speed,2026-07-10T10:09:39.344682+00:00,0.0,km/h,good,0x51,CAN2
Vehicle_Speed,2026-07-10T10:09:39.347986+00:00,0.0,km/h,good,0x51,CAN1
Vehicle_Speed,2026-07-10T10:09:39.404922+00:00,0.0,km/h,good,0x51,CAN2
Vehicle_Speed,2026-07-10T10:09:39.407532+00:00,0.0,km/h,good,0x51,CAN1
Vehicle_Speed,2026-07-10T10:09:39.463163+00:00,0.0,km/h,good,0x51,CAN2
Vehicle_Speed,2026-07-10T10:09:39.467919+00:00,0.0,km/h,good,0x51,CAN1
Vehicle_Speed,2026-07-10T10:09:39.522726+00:00,0.0,km/h,good,0x51,CAN2
Vehicle_Speed,2026-07-10T10:09:39.526528+00:00,0.0,km/h,good,0x51,CAN1
Vehicle_Speed,2026-07-10T10:09:39.582932+00:00,0.0,km/h,good,0x51,CAN2
Vehicle_Speed,2026-07-10T10:09:39.600026+00:00,0.0,km/h,good,0x51,CAN1
Vehicle_Speed,2026-07-10T10:09:39.644454+00:00,0.0,km/h,good,0x51,CAN2
Vehicle_Speed,2026-07-10T10:09:39.646881+00:00,0.0,km/h,good,0x51,CAN1
Vehicle_Speed,2026-07-10T10:09:39.704952+00:00,0.0,km/h,good,0x51,CAN2
Vehicle_Speed,2026-07-10T10:09:39.707886+00:00,0.0,km/h,good,0x51,CAN1
Vehicle_Speed,2026-07-10T10:09:39.765392+00:00,0.0,km/h,good,0x51,CAN2
Vehicle_Speed,2026-07-10T10:09:39.767736+00:00,0.0,km/h,good,0x51,CAN1
Vehicle_Speed,2026-07-10T10:09:39.823908+00:00,0.0,km/h,good,0x51,CAN2
Vehicle_Speed,2026-07-10T10:09:39.830073+00:00,0.0,km/h,good,0x51,CAN1
Vehicle_Speed,2026-07-10T10:09:39.886530+00:00,0.0,km/h,good,0x51,CAN2
Vehicle_Speed,2026-07-10T10:09:39.888836+00:00,0.0,km/h,good,0x51,CAN1
Vehicle_Speed,2026-07-10T10:09:39.945146+00:00,0.0,km/h,good,0x51,CAN2
Vehicle_Speed,2026-07-10T10:09:39.948374+00:00,0.0,km/h,good,0x51,CAN1
Vehicle_Speed,2026-07-10T10:09:40.006384+00:00,0.0,km/h,good,0x51,CAN2
Vehicle_Speed,2026-07-10T10:09:40.008892+00:00,0.0,km/h,good,0x51,CAN1
Vehicle_Speed,2026-07-10T10:09:40.064933+00:00,0.0,km/h,good,0x51,CAN2
Vehicle_Speed,2026-07-10T10:09:40.068480+00:00,0.0,km/h,good,0x51,CAN1
Vehicle_Speed,2026-07-10T10:09:40.125716+00:00,0.0,km/h,good,0x51,CAN2
Vehicle_Speed,2026-07-10T10:09:40.130321+00:00,0.0,km/h,good,0x51,CAN1
Vehicle_Speed,2026-07-10T10:09:40.184923+00:00,0.0,km/h,good,0x51,CAN2
Vehicle_Speed,2026-07-10T10:09:40.200061+00:00,0.0,km/h,good,0x51,CAN1
Vehicle_Speed,2026-07-10T10:09:40.246614+00:00,0.0,km/h,good,0x51,CAN2
Vehicle_Speed,2026-07-10T10:09:40.248815+00:00,0.0,km/h,good,0x51,CAN1
Vehicle_Speed,2026-07-10T10:09:40.307582+00:00,0.0,km/h,good,0x51,CAN2
Vehicle_Speed,2026-07-10T10:09:40.310115+00:00,0.0,km/h,good,0x51,CAN1
Vehicle_Speed,2026-07-10T10:09:40.368040+00:00,0.0,km/h,good,0x51,CAN2
Vehicle_Speed,2026-07-10T10:09:40.370452+00:00,0.0,km/h,good,0x51,CAN1
Vehicle_Speed,2026-07-10T10:09:40.425123+00:00,0.0,km/h,good,0x51,CAN2
Vehicle_Speed,2026-07-10T10:09:40.428635+00:00,0.0,km/h,good,0x51,CAN1
Vehicle_Speed,2026-07-10T10:09:40.485278+00:00,0.0,km/h,good,0x51,CAN2
Vehicle_Speed,2026-07-10T10:09:40.488513+00:00,0.0,km/h,good,0x51,CAN1
Vehicle_Speed,2026-07-10T10:09:40.545242+00:00,0.0,km/h,good,0x51,CAN2
Vehicle_Speed,2026-07-10T10:09:40.548784+00:00,0.0,km/h,good,0x51,CAN1
Vehicle_Speed,2026-07-10T10:09:40.607482+00:00,0.0,km/h,good,0x51,CAN2
Vehicle_Speed,2026-07-10T10:09:40.609882+00:00,0.0,km/h,good,0x51,CAN1
Vehicle_Speed,2026-07-10T10:09:40.668707+00:00,0.0,km/h,good,0x51,CAN2
Vehicle_Speed,2026-07-10T10:09:40.671156+00:00,0.0,km/h,good,0x51,CAN1
Vehicle_Speed,2026-07-10T10:09:40.727953+00:00,0.0,km/h,good,0x51,CAN2
Vehicle_Speed,2026-07-10T10:09:40.730266+00:00,0.0,km/h,good,0x51,CAN1
Vehicle_Speed,2026-07-10T10:09:40.788771+00:00,0.0,km/h,good,0x51,CAN2
Vehicle_Speed,2026-07-10T10:09:40.791002+00:00,0.0,km/h,good,0x51,CAN1
Vehicle_Speed,2026-07-10T10:09:40.847441+00:00,0.0,km/h,good,0x51,CAN2
Vehicle_Speed,2026-07-10T10:09:40.850201+00:00,0.0,km/h,good,0x51,CAN1
Vehicle_Speed,2026-07-10T10:09:40.905478+00:00,0.0,km/h,good,0x51,CAN2
Vehicle_Speed,2026-07-10T10:09:40.912227+00:00,0.0,km/h,good,0x51,CAN1
Vehicle_Speed,2026-07-10T10:09:40.965702+00:00,0.0,km/h,good,0x51,CAN2
Vehicle_Speed,2026-07-10T10:09:40.969118+00:00,0.0,km/h,good,0x51,CAN1
Vehicle_Speed,2026-07-10T10:09:41.026296+00:00,0.0,km/h,good,0x51,CAN2
Vehicle_Speed,2026-07-10T10:09:41.030449+00:00,0.0,km/h,good,0x51,CAN1
Vehicle_Speed,2026-07-10T10:09:41.086429+00:00,0.0,km/h,good,0x51,CAN2
Vehicle_Speed,2026-07-10T10:09:41.088829+00:00,0.0,km/h,good,0x51,CAN1
Vehicle_Speed,2026-07-10T10:09:41.146235+00:00,0.0,km/h,good,0x51,CAN2
Vehicle_Speed,2026-07-10T10:09:41.148913+00:00,0.0,km/h,good,0x51,CAN1
Vehicle_Speed,2026-07-10T10:09:41.206310+00:00,0.0,km/h,good,0x51,CAN2
Vehicle_Speed,2026-07-10T10:09:41.210049+00:00,0.0,km/h,good,0x51,CAN1
Vehicle_Speed,2026-07-10T10:09:41.267775+00:00,0.0,km/h,good,0x51,CAN2
Vehicle_Speed,2026-07-10T10:09:41.274961+00:00,0.0,km/h,good,0x51,CAN1
Vehicle_Speed,2026-07-10T10:09:41.321187+00:00,0.0,km/h,good,0x51,CAN2
Vehicle_Speed,2026-07-10T10:09:41.323556+00:00,0.0,km/h,good,0x51,CAN1
Vehicle_Speed,2026-07-10T10:09:41.372914+00:00,0.0,km/h,good,0x51,CAN2
Vehicle_Speed,2026-07-10T10:09:41.375428+00:00,0.0,km/h,good,0x51,CAN1
Vehicle_Speed,2026-07-10T10:09:41.432708+00:00,0.0,km/h,good,0x51,CAN2
Vehicle_Speed,2026-07-10T10:09:41.435143+00:00,0.0,km/h,good,0x51,CAN1
Vehicle_Speed,2026-07-10T10:09:41.493239+00:00,0.0,km/h,good,0x51,CAN2
Vehicle_Speed,2026-07-10T10:09:41.495604+00:00,0.0,km/h,good,0x51,CAN1
Vehicle_Speed,2026-07-10T10:09:41.554203+00:00,0.0,km/h,good,0x51,CAN2
Vehicle_Speed,2026-07-10T10:09:41.556462+00:00,0.0,km/h,good,0x51,CAN1
Vehicle_Speed,2026-07-10T10:09:41.610757+00:00,0.0,km/h,good,0x51,CAN2
Vehicle_Speed,2026-07-10T10:09:41.616179+00:00,0.0,km/h,good,0x51,CAN1
Vehicle_Speed,2026-07-10T10:09:41.673198+00:00,0.0,km/h,good,0x51,CAN2
Vehicle_Speed,2026-07-10T10:09:41.677068+00:00,0.0,km/h,good,0x51,CAN1
Vehicle_Speed,2026-07-10T10:09:41.732442+00:00,0.0,km/h,good,0x51,CAN2
Vehicle_Speed,2026-07-10T10:09:41.734739+00:00,0.0,km/h,good,0x51,CAN1
Vehicle_Speed,2026-07-10T10:09:41.792739+00:00,0.0,km/h,good,0x51,CAN2
Vehicle_Speed,2026-07-10T10:09:41.795078+00:00,0.0,km/h,good,0x51,CAN1
Vehicle_Speed,2026-07-10T10:09:41.852879+00:00,0.0,km/h,good,0x51,CAN2
Vehicle_Speed,2026-07-10T10:09:41.855204+00:00,0.0,km/h,good,0x51,CAN1
Vehicle_Speed,2026-07-10T10:09:41.912755+00:00,0.0,km/h,good,0x51,CAN2
Vehicle_Speed,2026-07-10T10:09:41.914968+00:00,0.0,km/h,good,0x51,CAN1
Vehicle_Speed,2026-07-10T10:09:41.972572+00:00,0.0,km/h,good,0x51,CAN2
Vehicle_Speed,2026-07-10T10:09:41.975388+00:00,0.0,km/h,good,0x51,CAN1
Vehicle_Speed,2026-07-10T10:09:42.045493+00:00,0.0,km/h,good,0x51,CAN2
Vehicle_Speed,2026-07-10T10:09:42.047970+00:00,0.0,km/h,good,0x51,CAN1
Vehicle_Speed,2026-07-10T10:09:42.094128+00:00,0.0,km/h,good,0x51,CAN2
Vehicle_Speed,2026-07-10T10:09:42.096352+00:00,0.0,km/h,good,0x51,CAN1
Vehicle_Speed,2026-07-10T10:09:42.153553+00:00,0.0,km/h,good,0x51,CAN2
Vehicle_Speed,2026-07-10T10:09:42.156580+00:00,0.0,km/h,good,0x51,CAN1
Vehicle_Speed,2026-07-10T10:09:42.213186+00:00,0.0,km/h,good,0x51,CAN2
Vehicle_Speed,2026-07-10T10:09:42.216231+00:00,0.0,km/h,good,0x51,CAN1
Vehicle_Speed,2026-07-10T10:09:42.272101+00:00,0.0,km/h,good,0x51,CAN2
Vehicle_Speed,2026-07-10T10:09:42.278289+00:00,0.0,km/h,good,0x51,CAN1
Vehicle_Speed,2026-07-10T10:09:42.331712+00:00,0.0,km/h,good,0x51,CAN2
Vehicle_Speed,2026-07-10T10:09:42.334402+00:00,0.0,km/h,good,0x51,CAN1
Vehicle_Speed,2026-07-10T10:09:42.391454+00:00,0.0,km/h,good,0x51,CAN2
Vehicle_Speed,2026-07-10T10:09:42.396035+00:00,0.0,km/h,good,0x51,CAN1
Vehicle_Speed,2026-07-10T10:09:42.452872+00:00,0.0,km/h,good,0x51,CAN2
Vehicle_Speed,2026-07-10T10:09:42.456260+00:00,0.0,km/h,good,0x51,CAN1
Vehicle_Speed,2026-07-10T10:09:42.513739+00:00,0.0,km/h,good,0x51,CAN2
Vehicle_Speed,2026-07-10T10:09:42.517099+00:00,0.0,km/h,good,0x51,CAN1
Vehicle_Speed,2026-07-10T10:09:42.573780+00:00,0.0,km/h,good,0x51,CAN2
Vehicle_Speed,2026-07-10T10:09:42.577650+00:00,0.0,km/h,good,0x51,CAN1
Vehicle_Speed,2026-07-10T10:09:42.634116+00:00,0.0,km/h,good,0x51,CAN2
Vehicle_Speed,2026-07-10T10:09:42.637469+00:00,0.0,km/h,good,0x51,CAN1
Vehicle_Speed,2026-07-10T10:09:42.694626+00:00,0.0,km/h,good,0x51,CAN2
Vehicle_Speed,2026-07-10T10:09:42.700412+00:00,0.0,km/h,good,0x51,CAN1
Vehicle_Speed,2026-07-10T10:09:42.755057+00:00,0.0,km/h,good,0x51,CAN2
Vehicle_Speed,2026-07-10T10:09:42.759929+00:00,0.0,km/h,good,0x51,CAN1
Vehicle_Speed,2026-07-10T10:09:42.815817+00:00,0.0,km/h,good,0x51,CAN2
Vehicle_Speed,2026-07-10T10:09:42.821014+00:00,0.0,km/h,good,0x51,CAN1
Vehicle_Speed,2026-07-10T10:09:42.875588+00:00,0.0,km/h,good,0x51,CAN2
Vehicle_Speed,2026-07-10T10:09:42.878867+00:00,0.0,km/h,good,0x51,CAN1
Vehicle_Speed,2026-07-10T10:09:42.935199+00:00,0.0,km/h,good,0x51,CAN2
Vehicle_Speed,2026-07-10T10:09:42.938471+00:00,0.0,km/h,good,0x51,CAN1
Vehicle_Speed,2026-07-10T10:09:42.995698+00:00,0.0,km/h,good,0x51,CAN2
Vehicle_Speed,2026-07-10T10:09:43.000028+00:00,0.0,km/h,good,0x51,CAN1
Vehicle_Speed,2026-07-10T10:09:43.055716+00:00,0.0,km/h,good,0x51,CAN2
Vehicle_Speed,2026-07-10T10:09:43.059915+00:00,0.0,km/h,good,0x51,CAN1
Vehicle_Speed,2026-07-10T10:09:43.115916+00:00,0.0,km/h,good,0x51,CAN2
Vehicle_Speed,2026-07-10T10:09:43.119543+00:00,0.0,km/h,good,0x51,CAN1
Vehicle_Speed,2026-07-10T10:09:43.176544+00:00,0.0,km/h,good,0x51,CAN2
Vehicle_Speed,2026-07-10T10:09:43.180843+00:00,0.0,km/h,good,0x51,CAN1
Vehicle_Speed,2026-07-10T10:09:43.236620+00:00,0.0,km/h,good,0x51,CAN2
Vehicle_Speed,2026-07-10T10:09:43.241487+00:00,0.0,km/h,good,0x51,CAN1
Vehicle_Speed,2026-07-10T10:09:43.296690+00:00,0.0,km/h,good,0x51,CAN2
Vehicle_Speed,2026-07-10T10:09:43.300123+00:00,0.0,km/h,good,0x51,CAN1
Vehicle_Speed,2026-07-10T10:09:43.357518+00:00,0.0,km/h,good,0x51,CAN2
Vehicle_Speed,2026-07-10T10:09:43.360560+00:00,0.0,km/h,good,0x51,CAN1
Vehicle_Speed,2026-07-10T10:09:43.417210+00:00,0.0,km/h,good,0x51,CAN2
Vehicle_Speed,2026-07-10T10:09:43.420631+00:00,0.0,km/h,good,0x51,CAN1
Vehicle_Speed,2026-07-10T10:09:43.477268+00:00,0.0,km/h,good,0x51,CAN2
Vehicle_Speed,2026-07-10T10:09:43.480471+00:00,0.0,km/h,good,0x51,CAN1
Vehicle_Speed,2026-07-10T10:09:43.542741+00:00,0.0,km/h,good,0x51,CAN2
Vehicle_Speed,2026-07-10T10:09:43.545918+00:00,0.0,km/h,good,0x51,CAN1
Vehicle_Speed,2026-07-10T10:09:43.600130+00:00,0.0,km/h,good,0x51,CAN2
Vehicle_Speed,2026-07-10T10:09:43.602556+00:00,0.0,km/h,good,0x51,CAN1
Vehicle_Speed,2026-07-10T10:09:43.659643+00:00,0.0,km/h,good,0x51,CAN2
Vehicle_Speed,2026-07-10T10:09:43.662064+00:00,0.0,km/h,good,0x51,CAN1
Vehicle_Speed,2026-07-10T10:09:43.719449+00:00,0.0,km/h,good,0x51,CAN2
Vehicle_Speed,2026-07-10T10:09:43.722028+00:00,0.0,km/h,good,0x51,CAN1
Vehicle_Speed,2026-07-10T10:09:43.777329+00:00,0.0,km/h,good,0x51,CAN2
Vehicle_Speed,2026-07-10T10:09:43.780880+00:00,0.0,km/h,good,0x51,CAN1
Vehicle_Speed,2026-07-10T10:09:43.840274+00:00,0.0,km/h,good,0x51,CAN2
Vehicle_Speed,2026-07-10T10:09:43.844563+00:00,0.0,km/h,good,0x51,CAN1
Vehicle_Speed,2026-07-10T10:09:43.895530+00:00,0.0,km/h,good,0x51,CAN2
Vehicle_Speed,2026-07-10T10:09:43.898172+00:00,0.0,km/h,good,0x51,CAN1
Vehicle_Speed,2026-07-10T10:09:43.945229+00:00,0.0,km/h,good,0x51,CAN2
Vehicle_Speed,2026-07-10T10:09:43.948839+00:00,0.0,km/h,good,0x51,CAN1
Vehicle_Speed,2026-07-10T10:09:44.005377+00:00,0.0,km/h,good,0x51,CAN2
Vehicle_Speed,2026-07-10T10:09:44.008105+00:00,0.0,km/h,good,0x51,CAN1
Vehicle_Speed,2026-07-10T10:09:44.087094+00:00,0.0,km/h,good,0x51,CAN2
Vehicle_Speed,2026-07-10T10:09:44.089604+00:00,0.0,km/h,good,0x51,CAN1
Vehicle_Speed,2026-07-10T10:09:44.138778+00:00,0.0,km/h,good,0x51,CAN2
Vehicle_Speed,2026-07-10T10:09:44.143302+00:00,0.0,km/h,good,0x51,CAN1
Vehicle_Speed,2026-07-10T10:09:44.201574+00:00,0.0,km/h,good,0x51,CAN2
Vehicle_Speed,2026-07-10T10:09:44.203859+00:00,0.0,km/h,good,0x51,CAN1
Vehicle_Speed,2026-07-10T10:09:44.262237+00:00,0.0,km/h,good,0x51,CAN2
Vehicle_Speed,2026-07-10T10:09:44.264586+00:00,0.0,km/h,good,0x51,CAN1
Vehicle_Speed,2026-07-10T10:09:44.322146+00:00,0.0,km/h,good,0x51,CAN2
Vehicle_Speed,2026-07-10T10:09:44.325129+00:00,0.0,km/h,good,0x51,CAN1
Vehicle_Speed,2026-07-10T10:09:44.380602+00:00,0.0,km/h,good,0x51,CAN2
Vehicle_Speed,2026-07-10T10:09:44.386165+00:00,0.0,km/h,good,0x51,CAN1
Vehicle_Speed,2026-07-10T10:09:44.441112+00:00,0.0,km/h,good,0x51,CAN2
Vehicle_Speed,2026-07-10T10:09:44.443969+00:00,0.0,km/h,good,0x51,CAN1
Vehicle_Speed,2026-07-10T10:09:44.500700+00:00,0.0,km/h,good,0x51,CAN2
Vehicle_Speed,2026-07-10T10:09:44.503141+00:00,0.0,km/h,good,0x51,CAN1
Vehicle_Speed,2026-07-10T10:09:44.560438+00:00,0.0,km/h,good,0x51,CAN2
Vehicle_Speed,2026-07-10T10:09:44.563055+00:00,0.0,km/h,good,0x51,CAN1
Vehicle_Speed,2026-07-10T10:09:44.621531+00:00,0.0,km/h,good,0x51,CAN2
Vehicle_Speed,2026-07-10T10:09:44.625232+00:00,0.0,km/h,good,0x51,CAN1
Vehicle_Speed,2026-07-10T10:09:44.681055+00:00,0.0,km/h,good,0x51,CAN2
Vehicle_Speed,2026-07-10T10:09:44.685578+00:00,0.0,km/h,good,0x51,CAN1
Vehicle_Speed,2026-07-10T10:09:44.741585+00:00,0.0,km/h,good,0x51,CAN2
Vehicle_Speed,2026-07-10T10:09:44.744258+00:00,0.0,km/h,good,0x51,CAN1
Vehicle_Speed,2026-07-10T10:09:44.801726+00:00,0.0,km/h,good,0x51,CAN2
Vehicle_Speed,2026-07-10T10:09:44.804337+00:00,0.0,km/h,good,0x51,CAN1
Vehicle_Speed,2026-07-10T10:09:44.863005+00:00,0.0,km/h,good,0x51,CAN2
Vehicle_Speed,2026-07-10T10:09:44.865657+00:00,0.0,km/h,good,0x51,CAN1
Vehicle_Speed,2026-07-10T10:09:44.923061+00:00,0.0,km/h,good,0x51,CAN2
Vehicle_Speed,2026-07-10T10:09:44.926870+00:00,0.0,km/h,good,0x51,CAN1
Vehicle_Speed,2026-07-10T10:09:44.983675+00:00,0.0,km/h,good,0x51,CAN2
Vehicle_Speed,2026-07-10T10:09:44.985962+00:00,0.0,km/h,good,0x51,CAN1
Vehicle_Speed,2026-07-10T10:09:45.044873+00:00,0.0,km/h,good,0x51,CAN2
Vehicle_Speed,2026-07-10T10:09:45.047121+00:00,0.0,km/h,good,0x51,CAN1
Vehicle_Speed,2026-07-10T10:09:45.105846+00:00,0.0,km/h,good,0x51,CAN2
Vehicle_Speed,2026-07-10T10:09:45.109253+00:00,0.0,km/h,good,0x51,CAN1
Vehicle_Speed,2026-07-10T10:09:45.163889+00:00,0.0,km/h,good,0x51,CAN2
Vehicle_Speed,2026-07-10T10:09:45.166269+00:00,0.0,km/h,good,0x51,CAN1
Vehicle_Speed,2026-07-10T10:09:45.223457+00:00,0.0,km/h,good,0x51,CAN2
Vehicle_Speed,2026-07-10T10:09:45.225869+00:00,0.0,km/h,good,0x51,CAN1
Vehicle_Speed,2026-07-10T10:09:45.284594+00:00,0.0,km/h,good,0x51,CAN2
Vehicle_Speed,2026-07-10T10:09:45.287013+00:00,0.0,km/h,good,0x51,CAN1
Vehicle_Speed,2026-07-10T10:09:45.344301+00:00,0.0,km/h,good,0x51,CAN2
Vehicle_Speed,2026-07-10T10:09:45.347023+00:00,0.0,km/h,good,0x51,CAN1
Vehicle_Speed,2026-07-10T10:09:45.403643+00:00,0.0,km/h,good,0x51,CAN2
Vehicle_Speed,2026-07-10T10:09:45.406386+00:00,0.0,km/h,good,0x51,CAN1
Vehicle_Speed,2026-07-10T10:09:45.461585+00:00,0.0,km/h,good,0x51,CAN2
Vehicle_Speed,2026-07-10T10:09:45.465335+00:00,0.0,km/h,good,0x51,CAN1
Vehicle_Speed,2026-07-10T10:09:45.521641+00:00,0.0,km/h,good,0x51,CAN2
Vehicle_Speed,2026-07-10T10:09:45.525665+00:00,0.0,km/h,good,0x51,CAN1
Vehicle_Speed,2026-07-10T10:09:45.581612+00:00,0.0,km/h,good,0x51,CAN2
Vehicle_Speed,2026-07-10T10:09:45.586540+00:00,0.0,km/h,good,0x51,CAN1
Vehicle_Speed,2026-07-10T10:09:45.641669+00:00,0.0,km/h,good,0x51,CAN2
Vehicle_Speed,2026-07-10T10:09:45.645211+00:00,0.0,km/h,good,0x51,CAN1
Vehicle_Speed,2026-07-10T10:09:45.701431+00:00,0.0,km/h,good,0x51,CAN2
Vehicle_Speed,2026-07-10T10:09:45.705217+00:00,0.0,km/h,good,0x51,CAN1
Vehicle_Speed,2026-07-10T10:09:45.763657+00:00,0.0,km/h,good,0x51,CAN2
Vehicle_Speed,2026-07-10T10:09:45.766264+00:00,0.0,km/h,good,0x51,CAN1
Vehicle_Speed,2026-07-10T10:09:45.824114+00:00,0.0,km/h,good,0x51,CAN2
Vehicle_Speed,2026-07-10T10:09:45.826571+00:00,0.0,km/h,good,0x51,CAN1
Vehicle_Speed,2026-07-10T10:09:45.883831+00:00,0.0,km/h,good,0x51,CAN2
Vehicle_Speed,2026-07-10T10:09:45.886255+00:00,0.0,km/h,good,0x51,CAN1
Vehicle_Speed,2026-07-10T10:09:45.943946+00:00,0.0,km/h,good,0x51,CAN2
Vehicle_Speed,2026-07-10T10:09:45.946202+00:00,0.0,km/h,good,0x51,CAN1
Vehicle_Speed,2026-07-10T10:09:46.001616+00:00,0.1,km/h,good,0x51,CAN2
Vehicle_Speed,2026-07-10T10:09:46.005234+00:00,0.1,km/h,good,0x51,CAN1
Vehicle_Speed,2026-07-10T10:09:46.061667+00:00,0.3,km/h,good,0x51,CAN2
Vehicle_Speed,2026-07-10T10:09:46.064876+00:00,0.3,km/h,good,0x51,CAN1
Vehicle_Speed,2026-07-10T10:09:46.124836+00:00,0.4,km/h,good,0x51,CAN2
Vehicle_Speed,2026-07-10T10:09:46.127382+00:00,0.4,km/h,good,0x51,CAN1
Vehicle_Speed,2026-07-10T10:09:46.184120+00:00,0.6,km/h,good,0x51,CAN2
Vehicle_Speed,2026-07-10T10:09:46.186353+00:00,0.6,km/h,good,0x51,CAN1
Vehicle_Speed,2026-07-10T10:09:46.243797+00:00,0.7,km/h,good,0x51,CAN2
Vehicle_Speed,2026-07-10T10:09:46.246347+00:00,0.7,km/h,good,0x51,CAN1
Vehicle_Speed,2026-07-10T10:09:46.302095+00:00,0.9,km/h,good,0x51,CAN2
Vehicle_Speed,2026-07-10T10:09:46.305072+00:00,0.9,km/h,good,0x51,CAN1
Vehicle_Speed,2026-07-10T10:09:46.361968+00:00,1.0,km/h,good,0x51,CAN2
Vehicle_Speed,2026-07-10T10:09:46.365319+00:00,1.0,km/h,good,0x51,CAN1
Vehicle_Speed,2026-07-10T10:09:46.422064+00:00,1.0,km/h,good,0x51,CAN2
Vehicle_Speed,2026-07-10T10:09:46.437080+00:00,1.0,km/h,good,0x51,CAN1
Vehicle_Speed,2026-07-10T10:09:46.483606+00:00,1.0,km/h,good,0x51,CAN2
Vehicle_Speed,2026-07-10T10:09:46.486011+00:00,1.0,km/h,good,0x51,CAN1
Vehicle_Speed,2026-07-10T10:09:46.543913+00:00,1.0,km/h,good,0x51,CAN2
Vehicle_Speed,2026-07-10T10:09:46.546228+00:00,1.0,km/h,good,0x51,CAN1
Vehicle_Speed,2026-07-10T10:09:46.606507+00:00,1.0,km/h,good,0x51,CAN2
Vehicle_Speed,2026-07-10T10:09:46.609766+00:00,1.0,km/h,good,0x51,CAN1
Vehicle_Speed,2026-07-10T10:09:46.663596+00:00,1.0,km/h,good,0x51,CAN2
Vehicle_Speed,2026-07-10T10:09:46.666577+00:00,1.0,km/h,good,0x51,CAN1
Vehicle_Speed,2026-07-10T10:09:46.722568+00:00,1.0,km/h,good,0x51,CAN2
Vehicle_Speed,2026-07-10T10:09:46.727937+00:00,1.0,km/h,good,0x51,CAN1
Vehicle_Speed,2026-07-10T10:09:46.781783+00:00,1.0,km/h,good,0x51,CAN2
Vehicle_Speed,2026-07-10T10:09:46.785568+00:00,1.0,km/h,good,0x51,CAN1
Vehicle_Speed,2026-07-10T10:09:46.842021+00:00,1.0,km/h,good,0x51,CAN2
Vehicle_Speed,2026-07-10T10:09:46.845775+00:00,1.0,km/h,good,0x51,CAN1
Vehicle_Speed,2026-07-10T10:09:46.903677+00:00,1.0,km/h,good,0x51,CAN2
Vehicle_Speed,2026-07-10T10:09:46.906505+00:00,1.0,km/h,good,0x51,CAN1
Vehicle_Speed,2026-07-10T10:09:46.964798+00:00,0.4,km/h,good,0x51,CAN2
Vehicle_Speed,2026-07-10T10:09:46.967287+00:00,0.4,km/h,good,0x51,CAN1
Vehicle_Speed,2026-07-10T10:09:47.025960+00:00,0.2,km/h,good,0x51,CAN2
Vehicle_Speed,2026-07-10T10:09:47.028444+00:00,0.2,km/h,good,0x51,CAN1
Vehicle_Speed,2026-07-10T10:09:47.085657+00:00,0.0,km/h,good,0x51,CAN2
Vehicle_Speed,2026-07-10T10:09:47.088112+00:00,0.0,km/h,good,0x51,CAN1
Vehicle_Speed,2026-07-10T10:09:47.143020+00:00,0.0,km/h,good,0x51,CAN2
Vehicle_Speed,2026-07-10T10:09:47.146353+00:00,0.0,km/h,good,0x51,CAN1
Vehicle_Speed,2026-07-10T10:09:47.202983+00:00,0.0,km/h,good,0x51,CAN2
Vehicle_Speed,2026-07-10T10:09:47.206248+00:00,0.0,km/h,good,0x51,CAN1
Vehicle_Speed,2026-07-10T10:09:47.262638+00:00,0.0,km/h,good,0x51,CAN2
Vehicle_Speed,2026-07-10T10:09:47.266039+00:00,0.0,km/h,good,0x51,CAN1
Vehicle_Speed,2026-07-10T10:09:47.323165+00:00,0.0,km/h,good,0x51,CAN2
Vehicle_Speed,2026-07-10T10:09:47.325870+00:00,0.0,km/h,good,0x51,CAN1
Vehicle_Speed,2026-07-10T10:09:47.383200+00:00,0.0,km/h,good,0x51,CAN2
Vehicle_Speed,2026-07-10T10:09:47.386599+00:00,0.0,km/h,good,0x51,CAN1
Vehicle_Speed,2026-07-10T10:09:47.443283+00:00,0.0,km/h,good,0x51,CAN2
Vehicle_Speed,2026-07-10T10:09:47.447749+00:00,0.0,km/h,good,0x51,CAN1
Vehicle_Speed,2026-07-10T10:09:47.512127+00:00,0.0,km/h,good,0x51,CAN2
Vehicle_Speed,2026-07-10T10:09:47.515242+00:00,0.0,km/h,good,0x51,CAN1
Vehicle_Speed,2026-07-10T10:09:47.567615+00:00,0.0,km/h,good,0x51,CAN2
Vehicle_Speed,2026-07-10T10:09:47.569875+00:00,0.0,km/h,good,0x51,CAN1
Vehicle_Speed,2026-07-10T10:09:47.629135+00:00,0.0,km/h,good,0x51,CAN2
Vehicle_Speed,2026-07-10T10:09:47.631887+00:00,0.0,km/h,good,0x51,CAN1
Vehicle_Speed,2026-07-10T10:09:47.687414+00:00,0.0,km/h,good,0x51,CAN2
Vehicle_Speed,2026-07-10T10:09:47.689648+00:00,0.0,km/h,good,0x51,CAN1
Vehicle_Speed,2026-07-10T10:09:47.747645+00:00,0.0,km/h,good,0x51,CAN2
Vehicle_Speed,2026-07-10T10:09:47.750469+00:00,0.0,km/h,good,0x51,CAN1
Vehicle_Speed,2026-07-10T10:09:47.809233+00:00,0.0,km/h,good,0x51,CAN2
Vehicle_Speed,2026-07-10T10:09:47.811681+00:00,0.0,km/h,good,0x51,CAN1
Vehicle_Speed,2026-07-10T10:09:47.865827+00:00,0.0,km/h,good,0x51,CAN2
Vehicle_Speed,2026-07-10T10:09:47.870403+00:00,0.0,km/h,good,0x51,CAN1
Vehicle_Speed,2026-07-10T10:09:47.926122+00:00,0.0,km/h,good,0x51,CAN2
Vehicle_Speed,2026-07-10T10:09:47.929042+00:00,0.0,km/h,good,0x51,CAN1
Vehicle_Speed,2026-07-10T10:09:47.987059+00:00,0.0,km/h,good,0x51,CAN2
Vehicle_Speed,2026-07-10T10:09:47.991147+00:00,0.0,km/h,good,0x51,CAN1
Vehicle_Speed,2026-07-10T10:09:48.047021+00:00,0.0,km/h,good,0x51,CAN2
Vehicle_Speed,2026-07-10T10:09:48.062192+00:00,0.0,km/h,good,0x51,CAN1
Vehicle_Speed,2026-07-10T10:09:48.108743+00:00,0.0,km/h,good,0x51,CAN2
Vehicle_Speed,2026-07-10T10:09:48.111270+00:00,0.0,km/h,good,0x51,CAN1
Vehicle_Speed,2026-07-10T10:09:48.169234+00:00,0.0,km/h,good,0x51,CAN2
Vehicle_Speed,2026-07-10T10:09:48.171796+00:00,0.0,km/h,good,0x51,CAN1
Vehicle_Speed,2026-07-10T10:09:48.228651+00:00,0.0,km/h,good,0x51,CAN2
Vehicle_Speed,2026-07-10T10:09:48.231844+00:00,0.0,km/h,good,0x51,CAN1
Vehicle_Speed,2026-07-10T10:09:48.291428+00:00,0.0,km/h,good,0x51,CAN2
Vehicle_Speed,2026-07-10T10:09:48.293733+00:00,0.0,km/h,good,0x51,CAN1
Vehicle_Speed,2026-07-10T10:09:48.351888+00:00,0.0,km/h,good,0x51,CAN2
Vehicle_Speed,2026-07-10T10:09:48.354931+00:00,0.0,km/h,good,0x51,CAN1
Vehicle_Speed,2026-07-10T10:09:48.405673+00:00,0.0,km/h,good,0x51,CAN2
Vehicle_Speed,2026-07-10T10:09:48.408260+00:00,0.0,km/h,good,0x51,CAN1
Vehicle_Speed,2026-07-10T10:09:48.455495+00:00,0.0,km/h,good,0x51,CAN2
Vehicle_Speed,2026-07-10T10:09:48.457864+00:00,0.0,km/h,good,0x51,CAN1
Vehicle_Speed,2026-07-10T10:09:48.515660+00:00,0.0,km/h,good,0x51,CAN2
Vehicle_Speed,2026-07-10T10:09:48.517886+00:00,0.0,km/h,good,0x51,CAN1
Vehicle_Speed,2026-07-10T10:09:48.577380+00:00,0.0,km/h,good,0x51,CAN2
Vehicle_Speed,2026-07-10T10:09:48.581328+00:00,0.0,km/h,good,0x51,CAN1
Vehicle_Speed,2026-07-10T10:09:48.634308+00:00,0.0,km/h,good,0x51,CAN2
Vehicle_Speed,2026-07-10T10:09:48.638446+00:00,0.0,km/h,good,0x51,CAN1
Vehicle_Speed,2026-07-10T10:09:48.694990+00:00,0.0,km/h,good,0x51,CAN2
Vehicle_Speed,2026-07-10T10:09:48.698169+00:00,0.0,km/h,good,0x51,CAN1
Vehicle_Speed,2026-07-10T10:09:48.755342+00:00,0.0,km/h,good,0x51,CAN2
Vehicle_Speed,2026-07-10T10:09:48.761324+00:00,0.0,km/h,good,0x51,CAN1
Vehicle_Speed,2026-07-10T10:09:49.053294+00:00,0.0,km/h,good,0x51,CAN2
Vehicle_Speed,2026-07-10T10:09:49.056128+00:00,0.0,km/h,good,0x51,CAN1
Vehicle_Speed,2026-07-10T10:09:49.075040+00:00,0.0,km/h,good,0x51,CAN1
Vehicle_Speed,2026-07-10T10:09:49.088089+00:00,0.0,km/h,good,0x51,CAN2
Vehicle_Speed,2026-07-10T10:09:49.089225+00:00,0.0,km/h,good,0x51,CAN1
Vehicle_Speed,2026-07-10T10:09:49.202271+00:00,0.0,km/h,good,0x51,CAN1
Vehicle_Speed,2026-07-10T10:09:49.218003+00:00,0.0,km/h,good,0x51,CAN1
Vehicle_Speed,2026-07-10T10:09:49.237170+00:00,0.0,km/h,good,0x51,CAN2
Vehicle_Speed,2026-07-10T10:09:49.248505+00:00,0.0,km/h,good,0x51,CAN1
Vehicle_Speed,2026-07-10T10:09:49.287662+00:00,0.0,km/h,good,0x51,CAN1
Vehicle_Speed,2026-07-10T10:09:49.290996+00:00,0.0,km/h,good,0x51,CAN2
Vehicle_Speed,2026-07-10T10:09:49.302012+00:00,0.0,km/h,good,0x51,CAN1
Vehicle_Speed,2026-07-10T10:09:49.316541+00:00,0.0,km/h,good,0x51,CAN1
Vehicle_Speed,2026-07-10T10:09:49.326327+00:00,0.0,km/h,good,0x51,CAN2
Vehicle_Speed,2026-07-10T10:09:49.346443+00:00,0.0,km/h,good,0x51,CAN2
Vehicle_Speed,2026-07-10T10:09:49.528554+00:00,0.0,km/h,good,0x51,CAN1
Vehicle_Speed,2026-07-10T10:09:49.535683+00:00,0.0,km/h,good,0x51,CAN2
Vehicle_Speed,2026-07-10T10:09:49.544005+00:00,0.0,km/h,good,0x51,CAN1
Vehicle_Speed,2026-07-10T10:09:49.558067+00:00,0.0,km/h,good,0x51,CAN1
Vehicle_Speed,2026-07-10T10:09:49.565726+00:00,0.0,km/h,good,0x51,CAN2
Vehicle_Speed,2026-07-10T10:09:49.571333+00:00,0.0,km/h,good,0x51,CAN1
Vehicle_Speed,2026-07-10T10:09:49.591544+00:00,0.0,km/h,good,0x51,CAN2
Vehicle_Speed,2026-07-10T10:09:49.600762+00:00,0.0,km/h,good,0x51,CAN1
Vehicle_Speed,2026-07-10T10:09:49.612492+00:00,0.0,km/h,good,0x51,CAN2
Vehicle_Speed,2026-07-10T10:09:49.628084+00:00,0.0,km/h,good,0x51,CAN2
Vehicle_Speed,2026-07-10T10:09:49.643653+00:00,0.0,km/h,good,0x51,CAN2
Vehicle_Speed,2026-07-10T10:09:49.668450+00:00,0.0,km/h,good,0x51,CAN1
Vehicle_Speed,2026-07-10T10:09:49.685853+00:00,0.0,km/h,good,0x51,CAN2
Vehicle_Speed,2026-07-10T10:09:49.707962+00:00,0.0,km/h,good,0x51,CAN2
Vehicle_Speed,2026-07-10T10:09:49.727490+00:00,0.0,km/h,good,0x51,CAN1
Vehicle_Speed,2026-07-10T10:09:49.739129+00:00,0.0,km/h,good,0x51,CAN2
Vehicle_Speed,2026-07-10T10:09:49.791401+00:00,0.0,km/h,good,0x51,CAN1
Vehicle_Speed,2026-07-10T10:09:49.808373+00:00,0.0,km/h,good,0x51,CAN2
Vehicle_Speed,2026-07-10T10:09:49.823123+00:00,0.0,km/h,good,0x51,CAN2
Vehicle_Speed,2026-07-10T10:09:49.838436+00:00,0.0,km/h,good,0x51,CAN2
Vehicle_Speed,2026-07-10T10:09:49.841833+00:00,0.0,km/h,good,0x51,CAN1
Vehicle_Speed,2026-07-10T10:09:50.277464+00:00,0.0,km/h,good,0x51,CAN2
Vehicle_Speed,2026-07-10T10:09:50.280734+00:00,0.0,km/h,good,0x51,CAN1
Vehicle_Speed,2026-07-10T10:09:50.295376+00:00,0.0,km/h,good,0x51,CAN1
Vehicle_Speed,2026-07-10T10:09:50.307641+00:00,0.0,km/h,good,0x51,CAN2
Vehicle_Speed,2026-07-10T10:09:50.308757+00:00,0.0,km/h,good,0x51,CAN1
Vehicle_Speed,2026-07-10T10:09:50.321672+00:00,0.0,km/h,good,0x51,CAN1
Vehicle_Speed,2026-07-10T10:09:50.335596+00:00,0.0,km/h,good,0x51,CAN1
Vehicle_Speed,2026-07-10T10:09:50.337933+00:00,0.0,km/h,good,0x51,CAN2
Vehicle_Speed,2026-07-10T10:09:50.348651+00:00,0.0,km/h,good,0x51,CAN1
Vehicle_Speed,2026-07-10T10:09:50.370702+00:00,0.0,km/h,good,0x51,CAN1
Vehicle_Speed,2026-07-10T10:09:50.373939+00:00,0.0,km/h,good,0x51,CAN2
Vehicle_Speed,2026-07-10T10:09:50.384268+00:00,0.0,km/h,good,0x51,CAN1
Vehicle_Speed,2026-07-10T10:09:50.399078+00:00,0.0,km/h,good,0x51,CAN1
Vehicle_Speed,2026-07-10T10:09:50.405866+00:00,0.0,km/h,good,0x51,CAN2
Vehicle_Speed,2026-07-10T10:09:50.423101+00:00,0.0,km/h,good,0x51,CAN2
Vehicle_Speed,2026-07-10T10:09:50.439318+00:00,0.0,km/h,good,0x51,CAN2
Vehicle_Speed,2026-07-10T10:09:50.441749+00:00,0.0,km/h,good,0x51,CAN1
Vehicle_Speed,2026-07-10T10:09:50.461212+00:00,0.0,km/h,good,0x51,CAN2
Vehicle_Speed,2026-07-10T10:09:50.476980+00:00,0.0,km/h,good,0x51,CAN2
Vehicle_Speed,2026-07-10T10:09:50.492327+00:00,0.0,km/h,good,0x51,CAN2
Vehicle_Speed,2026-07-10T10:09:50.502847+00:00,0.0,km/h,good,0x51,CAN1
Vehicle_Speed,2026-07-10T10:09:50.513472+00:00,0.0,km/h,good,0x51,CAN2
Vehicle_Speed,2026-07-10T10:09:50.563235+00:00,0.0,km/h,good,0x51,CAN2
Vehicle_Speed,2026-07-10T10:09:50.565741+00:00,0.0,km/h,good,0x51,CAN1
Vehicle_Speed,2026-07-10T10:09:51.072864+00:00,0.0,km/h,good,0x51,CAN2
Vehicle_Speed,2026-07-10T10:09:51.075560+00:00,0.0,km/h,good,0x51,CAN1
Vehicle_Speed,2026-07-10T10:09:51.089932+00:00,0.0,km/h,good,0x51,CAN1
Vehicle_Speed,2026-07-10T10:09:51.102636+00:00,0.0,km/h,good,0x51,CAN2
Vehicle_Speed,2026-07-10T10:09:51.103807+00:00,0.0,km/h,good,0x51,CAN1
Vehicle_Speed,2026-07-10T10:09:51.117553+00:00,0.0,km/h,good,0x51,CAN1
Vehicle_Speed,2026-07-10T10:09:51.131145+00:00,0.0,km/h,good,0x51,CAN1
Vehicle_Speed,2026-07-10T10:09:51.133578+00:00,0.0,km/h,good,0x51,CAN2
Vehicle_Speed,2026-07-10T10:09:51.144320+00:00,0.0,km/h,good,0x51,CAN1
Vehicle_Speed,2026-07-10T10:09:51.158134+00:00,0.0,km/h,good,0x51,CAN1
Vehicle_Speed,2026-07-10T10:09:51.161514+00:00,0.0,km/h,good,0x51,CAN2
Vehicle_Speed,2026-07-10T10:09:51.171424+00:00,0.0,km/h,good,0x51,CAN1
Vehicle_Speed,2026-07-10T10:09:51.186794+00:00,0.0,km/h,good,0x51,CAN1
Vehicle_Speed,2026-07-10T10:09:51.195528+00:00,0.0,km/h,good,0x51,CAN2
Vehicle_Speed,2026-07-10T10:09:51.212422+00:00,0.0,km/h,good,0x51,CAN1
Vehicle_Speed,2026-07-10T10:09:51.227527+00:00,0.0,km/h,good,0x51,CAN1
Vehicle_Speed,2026-07-10T10:09:51.237197+00:00,0.0,km/h,good,0x51,CAN2
Vehicle_Speed,2026-07-10T10:09:51.256505+00:00,0.0,km/h,good,0x51,CAN2
Vehicle_Speed,2026-07-10T10:09:51.274177+00:00,0.0,km/h,good,0x51,CAN2
Vehicle_Speed,2026-07-10T10:09:51.285163+00:00,0.0,km/h,good,0x51,CAN1
Vehicle_Speed,2026-07-10T10:09:51.300398+00:00,0.0,km/h,good,0x51,CAN2
Vehicle_Speed,2026-07-10T10:09:51.325516+00:00,0.0,km/h,good,0x51,CAN2
BMS_Total_Voltage,2026-07-10T10:09:32.000589+00:00,52.0,V,good,0x100,CAN2
BMS_Total_Voltage,2026-07-10T10:09:32.062688+00:00,52.0,V,good,0x100,CAN2
BMS_Total_Voltage,2026-07-10T10:09:32.298985+00:00,52.0,V,good,0x100,CAN2
BMS_Total_Voltage,2026-07-10T10:09:32.316221+00:00,52.0,V,good,0x100,CAN2
BMS_Total_Voltage,2026-07-10T10:09:32.349101+00:00,52.0,V,good,0x100,CAN2
BMS_Total_Voltage,2026-07-10T10:09:32.362488+00:00,52.0,V,good,0x100,CAN2
BMS_Total_Voltage,2026-07-10T10:09:32.379873+00:00,52.0,V,good,0x100,CAN2
BMS_Total_Voltage,2026-07-10T10:09:32.429948+00:00,52.0,V,good,0x100,CAN2
BMS_Total_Voltage,2026-07-10T10:09:32.493453+00:00,52.0,V,good,0x100,CAN2
BMS_Total_Voltage,2026-07-10T10:09:32.551444+00:00,52.0,V,good,0x100,CAN2
BMS_Total_Voltage,2026-07-10T10:09:32.612390+00:00,52.0,V,good,0x100,CAN2
BMS_Total_Voltage,2026-07-10T10:09:32.672106+00:00,52.0,V,good,0x100,CAN2
BMS_Total_Voltage,2026-07-10T10:09:32.733091+00:00,52.0,V,good,0x100,CAN2
BMS_Total_Voltage,2026-07-10T10:09:32.793087+00:00,52.0,V,good,0x100,CAN2
BMS_Total_Voltage,2026-07-10T10:09:32.854231+00:00,52.0,V,good,0x100,CAN2
BMS_Total_Voltage,2026-07-10T10:09:32.913784+00:00,52.0,V,good,0x100,CAN2
BMS_Total_Voltage,2026-07-10T10:09:32.975308+00:00,52.0,V,good,0x100,CAN2
BMS_Total_Voltage,2026-07-10T10:09:33.036437+00:00,52.0,V,good,0x100,CAN2
BMS_Total_Voltage,2026-07-10T10:09:33.093338+00:00,52.0,V,good,0x100,CAN2
BMS_Total_Voltage,2026-07-10T10:09:33.152286+00:00,52.0,V,good,0x100,CAN2
BMS_Total_Voltage,2026-07-10T10:09:33.213303+00:00,52.0,V,good,0x100,CAN2
BMS_Total_Voltage,2026-07-10T10:09:33.273451+00:00,52.0,V,good,0x100,CAN2
BMS_Total_Voltage,2026-07-10T10:09:33.334661+00:00,52.0,V,good,0x100,CAN2
BMS_Total_Voltage,2026-07-10T10:09:33.396044+00:00,52.0,V,good,0x100,CAN2
BMS_Total_Voltage,2026-07-10T10:09:33.455876+00:00,52.0,V,good,0x100,CAN2
BMS_Total_Voltage,2026-07-10T10:09:33.515626+00:00,52.0,V,good,0x100,CAN2
BMS_Total_Voltage,2026-07-10T10:09:33.574344+00:00,52.0,V,good,0x100,CAN2
BMS_Total_Voltage,2026-07-10T10:09:33.639833+00:00,52.0,V,good,0x100,CAN2
BMS_Total_Voltage,2026-07-10T10:09:33.697725+00:00,52.0,V,good,0x100,CAN2
BMS_Total_Voltage,2026-07-10T10:09:33.756630+00:00,52.0,V,good,0x100,CAN2
BMS_Total_Voltage,2026-07-10T10:09:33.819364+00:00,52.0,V,good,0x100,CAN2
BMS_Total_Voltage,2026-07-10T10:09:33.877414+00:00,52.0,V,good,0x100,CAN2
BMS_Total_Voltage,2026-07-10T10:09:33.935868+00:00,52.0,V,good,0x100,CAN2
BMS_Total_Voltage,2026-07-10T10:09:33.997051+00:00,52.0,V,good,0x100,CAN2
BMS_Total_Voltage,2026-07-10T10:09:34.061642+00:00,52.0,V,good,0x100,CAN2
BMS_Total_Voltage,2026-07-10T10:09:34.118922+00:00,52.0,V,good,0x100,CAN2
BMS_Total_Voltage,2026-07-10T10:09:34.180531+00:00,52.0,V,good,0x100,CAN2
BMS_Total_Voltage,2026-07-10T10:09:34.250611+00:00,52.0,V,good,0x100,CAN2
BMS_Total_Voltage,2026-07-10T10:09:34.298458+00:00,52.0,V,good,0x100,CAN2
BMS_Total_Voltage,2026-07-10T10:09:34.359541+00:00,52.0,V,good,0x100,CAN2
BMS_Total_Voltage,2026-07-10T10:09:34.418748+00:00,52.0,V,good,0x100,CAN2
BMS_Total_Voltage,2026-07-10T10:09:34.480771+00:00,52.0,V,good,0x100,CAN2
BMS_Total_Voltage,2026-07-10T10:09:34.539022+00:00,52.0,V,good,0x100,CAN2
BMS_Total_Voltage,2026-07-10T10:09:34.600144+00:00,52.0,V,good,0x100,CAN2
BMS_Total_Voltage,2026-07-10T10:09:34.660580+00:00,52.0,V,good,0x100,CAN2
BMS_Total_Voltage,2026-07-10T10:09:34.717626+00:00,52.0,V,good,0x100,CAN2
BMS_Total_Voltage,2026-07-10T10:09:34.785052+00:00,52.0,V,good,0x100,CAN2
BMS_Total_Voltage,2026-07-10T10:09:34.840053+00:00,52.0,V,good,0x100,CAN2
BMS_Total_Voltage,2026-07-10T10:09:34.900485+00:00,52.0,V,good,0x100,CAN2
BMS_Total_Voltage,2026-07-10T10:09:34.960026+00:00,52.0,V,good,0x100,CAN2
BMS_Total_Voltage,2026-07-10T10:09:35.030328+00:00,52.0,V,good,0x100,CAN2
BMS_Total_Voltage,2026-07-10T10:09:35.079910+00:00,52.0,V,good,0x100,CAN2
BMS_Total_Voltage,2026-07-10T10:09:35.138256+00:00,52.0,V,good,0x100,CAN2
BMS_Total_Voltage,2026-07-10T10:09:35.198125+00:00,52.0,V,good,0x100,CAN2
BMS_Total_Voltage,2026-07-10T10:09:35.261932+00:00,52.0,V,good,0x100,CAN2
BMS_Total_Voltage,2026-07-10T10:09:35.326780+00:00,52.0,V,good,0x100,CAN2
BMS_Total_Voltage,2026-07-10T10:09:35.386211+00:00,52.0,V,good,0x100,CAN2
BMS_Total_Voltage,2026-07-10T10:09:35.442008+00:00,52.0,V,good,0x100,CAN2
BMS_Total_Voltage,2026-07-10T10:09:35.502740+00:00,52.0,V,good,0x100,CAN2
BMS_Total_Voltage,2026-07-10T10:09:35.562329+00:00,52.0,V,good,0x100,CAN2
BMS_Total_Voltage,2026-07-10T10:09:35.624075+00:00,52.0,V,good,0x100,CAN2
BMS_Total_Voltage,2026-07-10T10:09:35.682468+00:00,52.0,V,good,0x100,CAN2
BMS_Total_Voltage,2026-07-10T10:09:35.738856+00:00,52.0,V,good,0x100,CAN2
BMS_Total_Voltage,2026-07-10T10:09:35.802202+00:00,52.0,V,good,0x100,CAN2
BMS_Total_Voltage,2026-07-10T10:09:35.863371+00:00,52.0,V,good,0x100,CAN2
BMS_Total_Voltage,2026-07-10T10:09:35.923905+00:00,52.0,V,good,0x100,CAN2
BMS_Total_Voltage,2026-07-10T10:09:35.981521+00:00,52.0,V,good,0x100,CAN2
BMS_Total_Voltage,2026-07-10T10:09:36.041910+00:00,52.0,V,good,0x100,CAN2
BMS_Total_Voltage,2026-07-10T10:09:36.104709+00:00,52.0,V,good,0x100,CAN2
BMS_Total_Voltage,2026-07-10T10:09:36.174208+00:00,52.0,V,good,0x100,CAN2
BMS_Total_Voltage,2026-07-10T10:09:36.222207+00:00,52.0,V,good,0x100,CAN2
BMS_Total_Voltage,2026-07-10T10:09:36.282629+00:00,52.0,V,good,0x100,CAN2
BMS_Total_Voltage,2026-07-10T10:09:36.351847+00:00,52.0,V,good,0x100,CAN2
BMS_Total_Voltage,2026-07-10T10:09:36.404595+00:00,52.0,V,good,0x100,CAN2
BMS_Total_Voltage,2026-07-10T10:09:36.464732+00:00,52.0,V,good,0x100,CAN2
BMS_Total_Voltage,2026-07-10T10:09:36.524468+00:00,52.0,V,good,0x100,CAN2
BMS_Total_Voltage,2026-07-10T10:09:36.586029+00:00,52.0,V,good,0x100,CAN2
BMS_Total_Voltage,2026-07-10T10:09:36.646341+00:00,52.0,V,good,0x100,CAN2
BMS_Total_Voltage,2026-07-10T10:09:36.705945+00:00,52.0,V,good,0x100,CAN2
BMS_Total_Voltage,2026-07-10T10:09:36.766987+00:00,52.0,V,good,0x100,CAN2
BMS_Total_Voltage,2026-07-10T10:09:36.826435+00:00,52.0,V,good,0x100,CAN2
BMS_Total_Voltage,2026-07-10T10:09:36.893937+00:00,52.0,V,good,0x100,CAN2
BMS_Total_Voltage,2026-07-10T10:09:36.946462+00:00,52.0,V,good,0x100,CAN2
BMS_Total_Voltage,2026-07-10T10:09:37.019726+00:00,52.0,V,good,0x100,CAN2
BMS_Total_Voltage,2026-07-10T10:09:37.069727+00:00,52.0,V,good,0x100,CAN2
BMS_Total_Voltage,2026-07-10T10:09:37.128220+00:00,52.0,V,good,0x100,CAN2
BMS_Total_Voltage,2026-07-10T10:09:37.186997+00:00,52.0,V,good,0x100,CAN2
BMS_Total_Voltage,2026-07-10T10:09:37.259850+00:00,52.0,V,good,0x100,CAN2
BMS_Total_Voltage,2026-07-10T10:09:37.308973+00:00,52.0,V,good,0x100,CAN2
BMS_Total_Voltage,2026-07-10T10:09:37.369830+00:00,52.0,V,good,0x100,CAN2
BMS_Total_Voltage,2026-07-10T10:09:37.429627+00:00,52.0,V,good,0x100,CAN2
BMS_Total_Voltage,2026-07-10T10:09:37.489644+00:00,52.0,V,good,0x100,CAN2
BMS_Total_Voltage,2026-07-10T10:09:37.551543+00:00,52.0,V,good,0x100,CAN2
BMS_Total_Voltage,2026-07-10T10:09:37.611205+00:00,52.0,V,good,0x100,CAN2
BMS_Total_Voltage,2026-07-10T10:09:37.689406+00:00,52.0,V,good,0x100,CAN2
BMS_Total_Voltage,2026-07-10T10:09:37.732560+00:00,52.0,V,good,0x100,CAN2
BMS_Total_Voltage,2026-07-10T10:09:37.792908+00:00,52.0,V,good,0x100,CAN2
BMS_Total_Voltage,2026-07-10T10:09:37.854687+00:00,52.0,V,good,0x100,CAN2
BMS_Total_Voltage,2026-07-10T10:09:37.930714+00:00,52.0,V,good,0x100,CAN2
BMS_Total_Voltage,2026-07-10T10:09:37.973417+00:00,52.0,V,good,0x100,CAN2
BMS_Total_Voltage,2026-07-10T10:09:38.033597+00:00,52.0,V,good,0x100,CAN2
BMS_Total_Voltage,2026-07-10T10:09:38.093457+00:00,52.0,V,good,0x100,CAN2
BMS_Total_Voltage,2026-07-10T10:09:38.153806+00:00,52.0,V,good,0x100,CAN2
BMS_Total_Voltage,2026-07-10T10:09:38.214740+00:00,52.0,V,good,0x100,CAN2
BMS_Total_Voltage,2026-07-10T10:09:38.280830+00:00,52.0,V,good,0x100,CAN2
BMS_Total_Voltage,2026-07-10T10:09:38.337901+00:00,52.0,V,good,0x100,CAN2
BMS_Total_Voltage,2026-07-10T10:09:38.395229+00:00,52.0,V,good,0x100,CAN2
BMS_Total_Voltage,2026-07-10T10:09:38.456382+00:00,52.0,V,good,0x100,CAN2
BMS_Total_Voltage,2026-07-10T10:09:38.521443+00:00,52.0,V,good,0x100,CAN2
BMS_Total_Voltage,2026-07-10T10:09:38.592545+00:00,52.0,V,good,0x100,CAN2
BMS_Total_Voltage,2026-07-10T10:09:38.636227+00:00,52.0,V,good,0x100,CAN2
BMS_Total_Voltage,2026-07-10T10:09:38.698813+00:00,52.0,V,good,0x100,CAN2
BMS_Total_Voltage,2026-07-10T10:09:38.758766+00:00,52.0,V,good,0x100,CAN2
BMS_Total_Voltage,2026-07-10T10:09:38.819325+00:00,52.0,V,good,0x100,CAN2
BMS_Total_Voltage,2026-07-10T10:09:38.877325+00:00,52.0,V,good,0x100,CAN2
BMS_Total_Voltage,2026-07-10T10:09:38.937479+00:00,52.0,V,good,0x100,CAN2
BMS_Total_Voltage,2026-07-10T10:09:38.996666+00:00,52.0,V,good,0x100,CAN2
BMS_Total_Voltage,2026-07-10T10:09:39.056487+00:00,52.0,V,good,0x100,CAN2
BMS_Total_Voltage,2026-07-10T10:09:39.117353+00:00,52.0,V,good,0x100,CAN2
BMS_Total_Voltage,2026-07-10T10:09:39.191964+00:00,52.0,V,good,0x100,CAN2
BMS_Total_Voltage,2026-07-10T10:09:39.238445+00:00,52.0,V,good,0x100,CAN2
BMS_Total_Voltage,2026-07-10T10:09:39.302407+00:00,52.0,V,good,0x100,CAN2
BMS_Total_Voltage,2026-07-10T10:09:39.360755+00:00,52.0,V,good,0x100,CAN2
BMS_Total_Voltage,2026-07-10T10:09:39.421560+00:00,52.0,V,good,0x100,CAN2
BMS_Total_Voltage,2026-07-10T10:09:39.483764+00:00,52.0,V,good,0x100,CAN2
BMS_Total_Voltage,2026-07-10T10:09:39.542870+00:00,52.0,V,good,0x100,CAN2
BMS_Total_Voltage,2026-07-10T10:09:39.615466+00:00,52.0,V,good,0x100,CAN2
BMS_Total_Voltage,2026-07-10T10:09:39.661580+00:00,52.0,V,good,0x100,CAN2
BMS_Total_Voltage,2026-07-10T10:09:39.721168+00:00,52.0,V,good,0x100,CAN2
BMS_Total_Voltage,2026-07-10T10:09:39.779891+00:00,52.0,V,good,0x100,CAN2
BMS_Total_Voltage,2026-07-10T10:09:39.845326+00:00,52.0,V,good,0x100,CAN2
BMS_Total_Voltage,2026-07-10T10:09:39.902167+00:00,52.0,V,good,0x100,CAN2
BMS_Total_Voltage,2026-07-10T10:09:39.964468+00:00,52.0,V,good,0x100,CAN2
BMS_Total_Voltage,2026-07-10T10:09:40.023203+00:00,52.0,V,good,0x100,CAN2
BMS_Total_Voltage,2026-07-10T10:09:40.082039+00:00,52.0,V,good,0x100,CAN2
BMS_Total_Voltage,2026-07-10T10:09:40.143237+00:00,52.0,V,good,0x100,CAN2
BMS_Total_Voltage,2026-07-10T10:09:40.215329+00:00,52.0,V,good,0x100,CAN2
BMS_Total_Voltage,2026-07-10T10:09:40.262870+00:00,52.0,V,good,0x100,CAN2
BMS_Total_Voltage,2026-07-10T10:09:40.322457+00:00,52.0,V,good,0x100,CAN2
BMS_Total_Voltage,2026-07-10T10:09:40.383374+00:00,52.0,V,good,0x100,CAN2
BMS_Total_Voltage,2026-07-10T10:09:40.443261+00:00,52.0,V,good,0x100,CAN2
BMS_Total_Voltage,2026-07-10T10:09:40.502511+00:00,52.0,V,good,0x100,CAN2
BMS_Total_Voltage,2026-07-10T10:09:40.562289+00:00,52.0,V,good,0x100,CAN2
BMS_Total_Voltage,2026-07-10T10:09:40.621813+00:00,52.0,V,good,0x100,CAN2
BMS_Total_Voltage,2026-07-10T10:09:40.686178+00:00,52.0,V,good,0x100,CAN2
BMS_Total_Voltage,2026-07-10T10:09:40.744019+00:00,52.0,V,good,0x100,CAN2
BMS_Total_Voltage,2026-07-10T10:09:40.818943+00:00,52.0,V,good,0x100,CAN2
BMS_Total_Voltage,2026-07-10T10:09:40.861895+00:00,52.0,V,good,0x100,CAN2
BMS_Total_Voltage,2026-07-10T10:09:40.920996+00:00,52.0,V,good,0x100,CAN2
BMS_Total_Voltage,2026-07-10T10:09:40.993458+00:00,52.0,V,good,0x100,CAN2
BMS_Total_Voltage,2026-07-10T10:09:41.043769+00:00,52.0,V,good,0x100,CAN2
BMS_Total_Voltage,2026-07-10T10:09:41.104653+00:00,52.0,V,good,0x100,CAN2
BMS_Total_Voltage,2026-07-10T10:09:41.160422+00:00,52.0,V,good,0x100,CAN2
BMS_Total_Voltage,2026-07-10T10:09:41.222118+00:00,52.0,V,good,0x100,CAN2
BMS_Total_Voltage,2026-07-10T10:09:41.287125+00:00,52.0,V,good,0x100,CAN2
BMS_Total_Voltage,2026-07-10T10:09:41.336296+00:00,52.0,V,good,0x100,CAN2
BMS_Total_Voltage,2026-07-10T10:09:41.402627+00:00,52.0,V,good,0x100,CAN2
BMS_Total_Voltage,2026-07-10T10:09:41.447556+00:00,52.0,V,good,0x100,CAN2
BMS_Total_Voltage,2026-07-10T10:09:41.508278+00:00,52.0,V,good,0x100,CAN2
BMS_Total_Voltage,2026-07-10T10:09:41.569163+00:00,52.0,V,good,0x100,CAN2
BMS_Total_Voltage,2026-07-10T10:09:41.627835+00:00,52.0,V,good,0x100,CAN2
BMS_Total_Voltage,2026-07-10T10:09:41.690102+00:00,52.0,V,good,0x100,CAN2
BMS_Total_Voltage,2026-07-10T10:09:41.749947+00:00,52.0,V,good,0x100,CAN2
BMS_Total_Voltage,2026-07-10T10:09:41.818581+00:00,52.0,V,good,0x100,CAN2
BMS_Total_Voltage,2026-07-10T10:09:41.867722+00:00,52.0,V,good,0x100,CAN2
BMS_Total_Voltage,2026-07-10T10:09:41.928188+00:00,52.0,V,good,0x100,CAN2
BMS_Total_Voltage,2026-07-10T10:09:41.987218+00:00,52.0,V,good,0x100,CAN2
BMS_Total_Voltage,2026-07-10T10:09:42.062072+00:00,52.0,V,good,0x100,CAN2
BMS_Total_Voltage,2026-07-10T10:09:42.108772+00:00,52.0,V,good,0x100,CAN2
BMS_Total_Voltage,2026-07-10T10:09:42.175149+00:00,52.0,V,good,0x100,CAN2
BMS_Total_Voltage,2026-07-10T10:09:42.230190+00:00,52.0,V,good,0x100,CAN2
BMS_Total_Voltage,2026-07-10T10:09:42.292367+00:00,52.0,V,good,0x100,CAN2
BMS_Total_Voltage,2026-07-10T10:09:42.348429+00:00,52.0,V,good,0x100,CAN2
BMS_Total_Voltage,2026-07-10T10:09:42.410488+00:00,52.0,V,good,0x100,CAN2
BMS_Total_Voltage,2026-07-10T10:09:42.471048+00:00,52.0,V,good,0x100,CAN2
BMS_Total_Voltage,2026-07-10T10:09:42.531634+00:00,52.0,V,good,0x100,CAN2
BMS_Total_Voltage,2026-07-10T10:09:42.591716+00:00,52.0,V,good,0x100,CAN2
BMS_Total_Voltage,2026-07-10T10:09:42.651055+00:00,52.0,V,good,0x100,CAN2
BMS_Total_Voltage,2026-07-10T10:09:42.714839+00:00,52.0,V,good,0x100,CAN2
BMS_Total_Voltage,2026-07-10T10:09:42.777436+00:00,52.0,V,good,0x100,CAN2
BMS_Total_Voltage,2026-07-10T10:09:42.838361+00:00,52.0,V,good,0x100,CAN2
BMS_Total_Voltage,2026-07-10T10:09:42.892229+00:00,52.0,V,good,0x100,CAN2
BMS_Total_Voltage,2026-07-10T10:09:42.952118+00:00,52.0,V,good,0x100,CAN2
BMS_Total_Voltage,2026-07-10T10:09:43.014412+00:00,52.0,V,good,0x100,CAN2
BMS_Total_Voltage,2026-07-10T10:09:43.074908+00:00,52.0,V,good,0x100,CAN2
BMS_Total_Voltage,2026-07-10T10:09:43.133205+00:00,52.0,V,good,0x100,CAN2
BMS_Total_Voltage,2026-07-10T10:09:43.190610+00:00,52.0,V,good,0x100,CAN2
BMS_Total_Voltage,2026-07-10T10:09:43.251198+00:00,52.0,V,good,0x100,CAN2
BMS_Total_Voltage,2026-07-10T10:09:43.314070+00:00,52.0,V,good,0x100,CAN2
BMS_Total_Voltage,2026-07-10T10:09:43.376803+00:00,52.0,V,good,0x100,CAN2
BMS_Total_Voltage,2026-07-10T10:09:43.435020+00:00,52.0,V,good,0x100,CAN2
BMS_Total_Voltage,2026-07-10T10:09:43.493977+00:00,52.0,V,good,0x100,CAN2
BMS_Total_Voltage,2026-07-10T10:09:43.560794+00:00,52.0,V,good,0x100,CAN2
BMS_Total_Voltage,2026-07-10T10:09:43.616152+00:00,52.0,V,good,0x100,CAN2
BMS_Total_Voltage,2026-07-10T10:09:43.677785+00:00,52.0,V,good,0x100,CAN2
BMS_Total_Voltage,2026-07-10T10:09:43.750861+00:00,52.0,V,good,0x100,CAN2
BMS_Total_Voltage,2026-07-10T10:09:43.796451+00:00,52.0,V,good,0x100,CAN2
BMS_Total_Voltage,2026-07-10T10:09:43.857942+00:00,52.0,V,good,0x100,CAN2
BMS_Total_Voltage,2026-07-10T10:09:43.911076+00:00,52.0,V,good,0x100,CAN2
BMS_Total_Voltage,2026-07-10T10:09:43.962335+00:00,52.0,V,good,0x100,CAN2
BMS_Total_Voltage,2026-07-10T10:09:44.020778+00:00,52.0,V,good,0x100,CAN2
BMS_Total_Voltage,2026-07-10T10:09:44.102539+00:00,52.0,V,good,0x100,CAN2
BMS_Total_Voltage,2026-07-10T10:09:44.167275+00:00,52.0,V,good,0x100,CAN2
BMS_Total_Voltage,2026-07-10T10:09:44.217161+00:00,52.0,V,good,0x100,CAN2
BMS_Total_Voltage,2026-07-10T10:09:44.281195+00:00,52.0,V,good,0x100,CAN2
BMS_Total_Voltage,2026-07-10T10:09:44.337089+00:00,52.0,V,good,0x100,CAN2
BMS_Total_Voltage,2026-07-10T10:09:44.394859+00:00,52.0,V,good,0x100,CAN2
BMS_Total_Voltage,2026-07-10T10:09:44.458815+00:00,52.0,V,good,0x100,CAN2
BMS_Total_Voltage,2026-07-10T10:09:44.517973+00:00,52.0,V,good,0x100,CAN2
BMS_Total_Voltage,2026-07-10T10:09:44.595846+00:00,52.0,V,good,0x100,CAN2
BMS_Total_Voltage,2026-07-10T10:09:44.639399+00:00,52.0,V,good,0x100,CAN2
BMS_Total_Voltage,2026-07-10T10:09:44.699586+00:00,52.0,V,good,0x100,CAN2
BMS_Total_Voltage,2026-07-10T10:09:44.758987+00:00,52.0,V,good,0x100,CAN2
BMS_Total_Voltage,2026-07-10T10:09:44.822503+00:00,52.0,V,good,0x100,CAN2
BMS_Total_Voltage,2026-07-10T10:09:44.878437+00:00,52.0,V,good,0x100,CAN2
BMS_Total_Voltage,2026-07-10T10:09:44.939008+00:00,52.0,V,good,0x100,CAN2
BMS_Total_Voltage,2026-07-10T10:09:45.011602+00:00,52.0,V,good,0x100,CAN2
BMS_Total_Voltage,2026-07-10T10:09:45.060564+00:00,52.0,V,good,0x100,CAN2
BMS_Total_Voltage,2026-07-10T10:09:45.126336+00:00,52.0,V,good,0x100,CAN2
BMS_Total_Voltage,2026-07-10T10:09:45.178629+00:00,52.0,V,good,0x100,CAN2
BMS_Total_Voltage,2026-07-10T10:09:45.240925+00:00,52.0,V,good,0x100,CAN2
BMS_Total_Voltage,2026-07-10T10:09:45.299840+00:00,52.0,V,good,0x100,CAN2
BMS_Total_Voltage,2026-07-10T10:09:45.362580+00:00,52.0,V,good,0x100,CAN2
BMS_Total_Voltage,2026-07-10T10:09:45.420647+00:00,52.0,V,good,0x100,CAN2
BMS_Total_Voltage,2026-07-10T10:09:45.479873+00:00,52.0,V,good,0x100,CAN2
BMS_Total_Voltage,2026-07-10T10:09:45.541201+00:00,52.0,V,good,0x100,CAN2
BMS_Total_Voltage,2026-07-10T10:09:45.601366+00:00,52.0,V,good,0x100,CAN2
BMS_Total_Voltage,2026-07-10T10:09:45.658788+00:00,52.0,V,good,0x100,CAN2
BMS_Total_Voltage,2026-07-10T10:09:45.719876+00:00,52.0,V,good,0x100,CAN2
BMS_Total_Voltage,2026-07-10T10:09:45.780209+00:00,52.0,V,good,0x100,CAN2
BMS_Total_Voltage,2026-07-10T10:09:45.853463+00:00,52.0,V,good,0x100,CAN2
BMS_Total_Voltage,2026-07-10T10:09:45.900331+00:00,52.0,V,good,0x100,CAN2
BMS_Total_Voltage,2026-07-10T10:09:45.958526+00:00,52.0,V,good,0x100,CAN2
BMS_Total_Voltage,2026-07-10T10:09:46.019688+00:00,52.0,V,good,0x100,CAN2
BMS_Total_Voltage,2026-07-10T10:09:46.078572+00:00,52.0,V,good,0x100,CAN2
BMS_Total_Voltage,2026-07-10T10:09:46.140671+00:00,52.0,V,good,0x100,CAN2
BMS_Total_Voltage,2026-07-10T10:09:46.200420+00:00,52.0,V,good,0x100,CAN2
BMS_Total_Voltage,2026-07-10T10:09:46.261110+00:00,52.0,V,good,0x100,CAN2
BMS_Total_Voltage,2026-07-10T10:09:46.320298+00:00,52.0,V,good,0x100,CAN2
BMS_Total_Voltage,2026-07-10T10:09:46.378783+00:00,52.0,V,good,0x100,CAN2
BMS_Total_Voltage,2026-07-10T10:09:46.451135+00:00,52.0,V,good,0x100,CAN2
BMS_Total_Voltage,2026-07-10T10:09:46.501710+00:00,52.0,V,good,0x100,CAN2
BMS_Total_Voltage,2026-07-10T10:09:46.559665+00:00,52.0,V,good,0x100,CAN2
BMS_Total_Voltage,2026-07-10T10:09:46.622857+00:00,52.0,V,good,0x100,CAN2
BMS_Total_Voltage,2026-07-10T10:09:46.678074+00:00,52.0,V,good,0x100,CAN2
BMS_Total_Voltage,2026-07-10T10:09:46.743128+00:00,52.0,V,good,0x100,CAN2
BMS_Total_Voltage,2026-07-10T10:09:46.801455+00:00,52.0,V,good,0x100,CAN2
BMS_Total_Voltage,2026-07-10T10:09:46.860536+00:00,52.0,V,good,0x100,CAN2
BMS_Total_Voltage,2026-07-10T10:09:46.923554+00:00,52.0,V,good,0x100,CAN2
BMS_Total_Voltage,2026-07-10T10:09:46.983664+00:00,52.0,V,good,0x100,CAN2
BMS_Total_Voltage,2026-07-10T10:09:47.056037+00:00,52.0,V,good,0x100,CAN2
BMS_Total_Voltage,2026-07-10T10:09:47.101830+00:00,52.0,V,good,0x100,CAN2
BMS_Total_Voltage,2026-07-10T10:09:47.158091+00:00,52.0,V,good,0x100,CAN2
BMS_Total_Voltage,2026-07-10T10:09:47.221414+00:00,52.0,V,good,0x100,CAN2
BMS_Total_Voltage,2026-07-10T10:09:47.280078+00:00,52.0,V,good,0x100,CAN2
BMS_Total_Voltage,2026-07-10T10:09:47.341056+00:00,52.0,V,good,0x100,CAN2
BMS_Total_Voltage,2026-07-10T10:09:47.402640+00:00,52.0,V,good,0x100,CAN2
BMS_Total_Voltage,2026-07-10T10:09:47.457141+00:00,52.0,V,good,0x100,CAN2
BMS_Total_Voltage,2026-07-10T10:09:47.529600+00:00,52.0,V,good,0x100,CAN2
BMS_Total_Voltage,2026-07-10T10:09:47.581991+00:00,52.0,V,good,0x100,CAN2
BMS_Total_Voltage,2026-07-10T10:09:47.662028+00:00,52.0,V,good,0x100,CAN2
BMS_Total_Voltage,2026-07-10T10:09:47.701765+00:00,52.0,V,good,0x100,CAN2
BMS_Total_Voltage,2026-07-10T10:09:47.762967+00:00,52.0,V,good,0x100,CAN2
BMS_Total_Voltage,2026-07-10T10:09:47.829282+00:00,52.0,V,good,0x100,CAN2
BMS_Total_Voltage,2026-07-10T10:09:47.885798+00:00,52.0,V,good,0x100,CAN2
BMS_Total_Voltage,2026-07-10T10:09:47.946567+00:00,52.0,V,good,0x100,CAN2
BMS_Total_Voltage,2026-07-10T10:09:48.006708+00:00,52.0,V,good,0x100,CAN2
BMS_Total_Voltage,2026-07-10T10:09:48.077687+00:00,52.0,V,good,0x100,CAN2
BMS_Total_Voltage,2026-07-10T10:09:48.123896+00:00,52.0,V,good,0x100,CAN2
BMS_Total_Voltage,2026-07-10T10:09:48.193328+00:00,52.0,V,good,0x100,CAN2
BMS_Total_Voltage,2026-07-10T10:09:48.242924+00:00,52.0,V,good,0x100,CAN2
BMS_Total_Voltage,2026-07-10T10:09:48.306278+00:00,52.0,V,good,0x100,CAN2
BMS_Total_Voltage,2026-07-10T10:09:48.366935+00:00,52.0,V,good,0x100,CAN2
BMS_Total_Voltage,2026-07-10T10:09:48.421490+00:00,52.0,V,good,0x100,CAN2
BMS_Total_Voltage,2026-07-10T10:09:48.486226+00:00,52.0,V,good,0x100,CAN2
BMS_Total_Voltage,2026-07-10T10:09:48.531420+00:00,52.0,V,good,0x100,CAN2
BMS_Total_Voltage,2026-07-10T10:09:48.593378+00:00,52.0,V,good,0x100,CAN2
BMS_Total_Voltage,2026-07-10T10:09:48.651635+00:00,52.0,V,good,0x100,CAN2
BMS_Total_Voltage,2026-07-10T10:09:48.709853+00:00,52.0,V,good,0x100,CAN2
BMS_Total_Voltage,2026-07-10T10:09:48.768952+00:00,52.0,V,good,0x100,CAN2
BMS_Total_Voltage,2026-07-10T10:09:49.072373+00:00,52.0,V,good,0x100,CAN2
BMS_Total_Voltage,2026-07-10T10:09:49.200939+00:00,52.0,V,good,0x100,CAN2
BMS_Total_Voltage,2026-07-10T10:09:49.250732+00:00,52.0,V,good,0x100,CAN2
BMS_Total_Voltage,2026-07-10T10:09:49.305552+00:00,52.0,V,good,0x100,CAN2
BMS_Total_Voltage,2026-07-10T10:09:49.337492+00:00,52.0,V,good,0x100,CAN2
BMS_Total_Voltage,2026-07-10T10:09:49.354723+00:00,52.0,V,good,0x100,CAN2
BMS_Total_Voltage,2026-07-10T10:09:49.550814+00:00,52.0,V,good,0x100,CAN2
BMS_Total_Voltage,2026-07-10T10:09:49.579289+00:00,52.0,V,good,0x100,CAN2
BMS_Total_Voltage,2026-07-10T10:09:49.598616+00:00,52.0,V,good,0x100,CAN2
BMS_Total_Voltage,2026-07-10T10:09:49.619095+00:00,52.0,V,good,0x100,CAN2
BMS_Total_Voltage,2026-07-10T10:09:49.634754+00:00,52.0,V,good,0x100,CAN2
BMS_Total_Voltage,2026-07-10T10:09:49.671421+00:00,52.0,V,good,0x100,CAN2
BMS_Total_Voltage,2026-07-10T10:09:49.694215+00:00,52.0,V,good,0x100,CAN2
BMS_Total_Voltage,2026-07-10T10:09:49.715041+00:00,52.0,V,good,0x100,CAN2
BMS_Total_Voltage,2026-07-10T10:09:49.798067+00:00,52.0,V,good,0x100,CAN2
BMS_Total_Voltage,2026-07-10T10:09:49.815132+00:00,52.0,V,good,0x100,CAN2
BMS_Total_Voltage,2026-07-10T10:09:49.829765+00:00,52.0,V,good,0x100,CAN2
BMS_Total_Voltage,2026-07-10T10:09:49.849130+00:00,52.0,V,good,0x100,CAN2
BMS_Total_Voltage,2026-07-10T10:09:50.293276+00:00,52.0,V,good,0x100,CAN2
BMS_Total_Voltage,2026-07-10T10:09:50.320531+00:00,52.0,V,good,0x100,CAN2
BMS_Total_Voltage,2026-07-10T10:09:50.350929+00:00,52.0,V,good,0x100,CAN2
BMS_Total_Voltage,2026-07-10T10:09:50.387466+00:00,52.0,V,good,0x100,CAN2
BMS_Total_Voltage,2026-07-10T10:09:50.415161+00:00,52.0,V,good,0x100,CAN2
BMS_Total_Voltage,2026-07-10T10:09:50.431003+00:00,52.0,V,good,0x100,CAN2
BMS_Total_Voltage,2026-07-10T10:09:50.452885+00:00,52.0,V,good,0x100,CAN2
BMS_Total_Voltage,2026-07-10T10:09:50.468106+00:00,52.0,V,good,0x100,CAN2
BMS_Total_Voltage,2026-07-10T10:09:50.484372+00:00,52.0,V,good,0x100,CAN2
BMS_Total_Voltage,2026-07-10T10:09:50.499168+00:00,52.0,V,good,0x100,CAN2
BMS_Total_Voltage,2026-07-10T10:09:50.520194+00:00,52.0,V,good,0x100,CAN2
BMS_Total_Voltage,2026-07-10T10:09:50.577416+00:00,52.0,V,good,0x100,CAN2
BMS_Total_Voltage,2026-07-10T10:09:51.087809+00:00,52.0,V,good,0x100,CAN2
BMS_Total_Voltage,2026-07-10T10:09:51.116230+00:00,52.0,V,good,0x100,CAN2
BMS_Total_Voltage,2026-07-10T10:09:51.146874+00:00,52.0,V,good,0x100,CAN2
BMS_Total_Voltage,2026-07-10T10:09:51.174628+00:00,52.0,V,good,0x100,CAN2
BMS_Total_Voltage,2026-07-10T10:09:51.219463+00:00,52.0,V,good,0x100,CAN2
BMS_Total_Voltage,2026-07-10T10:09:51.247900+00:00,52.0,V,good,0x100,CAN2
BMS_Total_Voltage,2026-07-10T10:09:51.263819+00:00,52.0,V,good,0x100,CAN2
BMS_Total_Voltage,2026-07-10T10:09:51.284028+00:00,52.0,V,good,0x100,CAN2
BMS_Total_Voltage,2026-07-10T10:09:51.307183+00:00,52.0,V,good,0x100,CAN2
BMS_Total_Voltage,2026-07-10T10:09:51.332672+00:00,52.0,V,good,0x100,CAN2
